รหัสสาขา,ชื่อสาขา,อำเภอ,จังหวัด,ละติจูด,ลองจิจูด,สถานะ
CJX00004,ห้วยม่วง,กำแพงแสน,นครปฐม,14.130136,100.021865,Active store
CJX00005,ลำเหย,ดอนตูม,นครปฐม,13.952795,100.046045,Active store
CJX00006,ชุมชนห้วยด้วน,ดอนตูม,นครปฐม,13.885199,100.10204,Active store
CJX00007,ราษฎร์ศรัทธา,บ้านแพ้ว,สมุทรสาคร,13.594816,100.133629,Active store
CJX00008,บ้านหนองรี,โพธาราม,ราชบุรี,13.731757,99.906247,Active store
CJX00009,ลานตากฟ้า,นครชัยศรี,นครปฐม,13.833089,100.227841,Active store
CJX00010,ลานคา,บางเลน,นครปฐม,14.043524,100.117372,Cancel
CJX00011,บ้านสร้อยฟ้า,โพธาราม,ราชบุรี,13.737447,99.841582,Active store
CJX00012,สองห้อง,กำแพงแสน,นครปฐม,13.922712,100.044021,Active store
CJX00013,ซอย วปอ.11,กระทุ่มแบน,สมุทรสาคร,13.671266,100.288008,Active store
CJX00014,ซอยนวลทอง,กระทุ่มแบน,สมุทรสาคร,13.681685,100.30001,Active store
CJX00015,นาคบำรุง,กระทุ่มแบน,สมุทรสาคร,13.671198,100.327767,Active store
CJX00016,บ้านม่วงตารศ,เมืองนครปฐม,นครปฐม,13.873152,100.021939,Active store
CJX00017,หน้าโรงเรียนการบิน,กำแพงแสน,นครปฐม,14.088192,99.943845,Active store
CJX00018,ท่าน้ำตื้น,เมืองกาญจนบุรี,กาญจนบุรี,14.051804,99.473343,Active store
CJX00019,คลองราษฎร์สามัคคี,เมืองสมุทรสาคร,สมุทรสาคร,13.607783,100.300231,Active store
CJX00020,วังขนาย,ท่าม่วง,กาญจนบุรี,13.954763,99.643445,Active store
CJX00021,ทุ่งทองกาญจน์,ท่าม่วง,กาญจนบุรี,13.982739,99.64167,Active store
CJX00022,อ้ออีเขียว,บ้านโป่ง,ราชบุรี,13.900628,99.858948,Active store
CJX00023,บ้านท่าเสา,ท่ามะกา,กาญจนบุรี,13.865083,99.806395,Active store
CJX00024,หนองอ้อ,บ้านโป่ง,ราชบุรี,13.78037,99.90161,Active store
CJX00025,พงสวาย,เมืองราชบุรี,ราชบุรี,13.537649,99.848914,Active store
CJX00026,ดอนกระเบื้อง,โพธาราม,ราชบุรี,13.754596,99.91564,Active store
CJX00027,เขาปิ่นทอง,จอมบึง,ราชบุรี,13.660085,99.689369,Active store
CJX00028,ดอนชะเอม,ท่ามะกา,กาญจนบุรี,13.962774,99.793056,Active store
CJX00029,โรงเข้,บ้านแพ้ว,สมุทรสาคร,13.500002,100.081522,Active store
CJX00030,ธรรมศาลา,เมืองนครปฐม,นครปฐม,13.821044,100.101528,Active store
CJX00031,บางแขม,เมืองนครปฐม,นครปฐม,13.787213,100.030059,Active store
CJX00032,ถนนรถไฟตะวันตก,เมืองนครปฐม,นครปฐม,13.823903,100.031401,Active store
CJX00033,ปล่องเหลี่ยม,กระทุ่มแบน,สมุทรสาคร,13.674534,100.243956,Active store
CJX00034,แยกหนองนกไข่,สามพราน,นครปฐม,13.698696,100.206517,Active store
CJX00035,ซอยวัดนางสาว,กระทุ่มแบน,สมุทรสาคร,13.664956,100.273486,Active store
CJX00036,ไพรสะเดา,ปากท่อ,ราชบุรี,13.364665,99.767455,Active store
CJX00037,บ้านปรกวัดคู้สนามจันทร์,เมืองสมุทรสงคราม,สมุทรสงคราม,13.432547,99.988535,Active store
CJX00038,ซอยเพชรเกษม 130,กระทุ่มแบน,สมุทรสาคร,13.711479,100.288382,Active store
CJX00039,บางน้อยใน,บางคนที,สมุทรสงคราม,13.480215,99.968189,Active store
CJX00040,ดอนขมิ้น,ท่ามะกา,กาญจนบุรี,13.874804,99.821692,Active store
CJX00041,ตลาดหัวรอ,โพธาราม,ราชบุรี,13.691888,99.762897,Active store
CJX00042,กานดา นาดี,เมืองสมุทรสาคร,สมุทรสาคร,13.582553,100.307951,Active store
CJX00043,อัมพวันสองพี่น้อง,สองพี่น้อง,สุพรรณบุรี,14.213543,100.02572,Active store
CJX00044,ศรีสำราญ สองพี่น้อง,สองพี่น้อง,สุพรรณบุรี,14.22204,100.01575,Active store
CJX00045,ตลาดพืชมงคล,อู่ทอง,สุพรรณบุรี,14.358702,99.882395,Active store
CJX00046,บางแม่หม้าย,บางปลาม้า,สุพรรณบุรี,14.290286,100.132512,Active store
CJX00047,บ้านวันดี ซอยศรีเมือง,เมืองสมุทรสาคร,สมุทรสาคร,13.574064,100.264079,Active store
CJX00048,วังคัน,ด่านช้าง,สุพรรณบุรี,14.958235,99.64241,Active store
CJX00049,บ้านใหม่กิโล 8,ด่านช้าง,สุพรรณบุรี,14.844873,99.751337,Active store
CJX00050,วัดเจ็ดริ้ว,บ้านแพ้ว,สมุทรสาคร,13.642994,100.138997,Active store
CJX00051,สามแยกทับกระดาน,สองพี่น้อง,สุพรรณบุรี,14.142725,99.91594,Active store
CJX00052,วัดใหม่ราษฎร์เจริญธรรม,วัดเพลง,ราชบุรี,13.495844,99.857161,Cancel
CJX00053,เปโตร-ดงเกตุ,สามพราน,นครปฐม,13.71795,100.228837,Active store
CJX00054,วัดบางนางลี่ใหญ่,อัมพวา,สมุทรสงคราม,13.419527,99.957717,Active store
CJX00055,โคกโคเฒ่า,เมืองสุพรรณบุรี,สุพรรณบุรี,14.460557,100.186013,Active store
CJX00056,วัดใหญ่ชัยมงคล,พระนครศรีอยุธยา,พระนครศรีอยุธยา,14.34386,100.590048,Active store
CJX00057,บางซ้าย,บางซ้าย,พระนครศรีอยุธยา,14.333952,100.302541,Active store
CJX00058,ลาดชะโด,ผักไห่,พระนครศรีอยุธยา,14.463126,100.318646,Active store
CJX00059,บางกระสั้น,บางปะอิน,พระนครศรีอยุธยา,14.189448,100.546274,Active store
CJX00060,สะพานไทย,บางบาล,พระนครศรีอยุธยา,14.360142,100.484793,Active store
CJX00061,คลองจิก,บางปะอิน,พระนครศรีอยุธยา,14.219674,100.597419,Active store
CJX00062,ตลาดนัดโรงสี อุทัย,อุทัย,พระนครศรีอยุธยา,14.363094,100.667294,Active store
CJX00063,พระอินทร์ราชา ซอย 3,บางปะอิน,พระนครศรีอยุธยา,14.146279,100.616468,Active store
CJX00064,ตลาดนัดบัวศรี,กระทุ่มแบน,สมุทรสาคร,13.624886,100.280659,Active store
CJX00065,วัดห้วยปลาดุก,เมืองราชบุรี,ราชบุรี,13.546639,99.728444,Active store
CJX00066,เอื้ออาทรศาลายา 3,สามพราน,นครปฐม,13.802235,100.272623,Active store
CJX00067,พุพลับ,ปากท่อ,ราชบุรี,13.415966,99.67706,Cancel
CJX00068,ตลาดเกรียบ,บางปะอิน,พระนครศรีอยุธยา,14.278108,100.570332,Active store
CJX00069,ตะวันออกบ้านบึง,บ้านบึง,ชลบุรี,13.301688,101.118997,Active store
CJX00070,บ้านสวนซอยเมรี่,เมืองชลบุรี,ชลบุรี,13.359605,100.994974,Active store
CJX00071,ศรีด่าน 22,บางพลี,สมุทรปราการ,13.642761,100.651432,Active store
CJX00072,หมู่บ้านทับทอง,บางเสาธง,สมุทรปราการ,13.5674,100.822903,Active store
CJX00073,ชุมชนวังน้ำขาว,สามพราน,นครปฐม,13.714955,100.162217,Active store
CJX00074,ซอยบางเลน 21,บางใหญ่,นนทบุรี,13.843359,100.435782,Active store
CJX00075,ตลาดพึ่งสุข,ลำลูกกา,ปทุมธานี,13.964271,100.738027,Active store
CJX00076,พหลโยธิน 66,ลำลูกกา,ปทุมธานี,13.948128,100.625551,Active store
CJX00077,บุญศิริ,เมืองสมุทรปราการ,สมุทรปราการ,13.609334,100.599241,Active store
CJX00078,ชุมชนศุภมงคล,สามพราน,นครปฐม,13.749954,100.218058,Active store
CJX00079,ชุมชนบ้านสิงห์,โพธาราม,ราชบุรี,13.670992,99.879169,Active store
CJX00080,ชุมชนตะเคียนเตี้ย,บางละมุง,ชลบุรี,13.033011,100.943894,Active store
CJX00081,แจ้งวัฒนะ 6,หลักสี่,กรุงเทพมหานคร,13.883864,100.587061,Active store
CJX00082,สุเหร่าคลองหนึ่ง,คลองสามวา,กรุงเทพมหานคร,13.842401,100.707154,Active store
CJX00083,แปลงยาว,แปลงยาว,ฉะเชิงเทรา,13.605877,101.264662,Active store
CJX00084,แสนมณี อะคิระ,พานทอง,ชลบุรี,13.468528,101.022556,Active store
CJX00085,รามอินทรา 65 แยก 2,บางเขน,กรุงเทพมหานคร,13.850327,100.651842,Active store
CJX00086,ตลาดขนส่ง,หนองจอก,กรุงเทพมหานคร,13.803417,100.871528,Active store
CJX00087,ด่านสำโรง 42,เมืองสมุทรปราการ,สมุทรปราการ,13.638655,100.614652,Active store
CJX00088,บางปู 69,เมืองสมุทรปราการ,สมุทรปราการ,13.537331,100.630331,Active store
CJX00089,การเคหะบ้านโพธิ์,บ้านโพธิ์,ฉะเชิงเทรา,13.61506,101.027956,Active store
CJX00090,ซอยรังสิต-นครนายก 13,ธัญบุรี,ปทุมธานี,13.990704,100.624089,Active store
CJX00091,ซอยหมอย้อย,ศรีราชา,ชลบุรี,13.14637,100.9507,Active store
CJX00092,หมู่บ้านมิตรประชา,ปากเกร็ด,นนทบุรี,13.936078,100.540305,Active store
CJX00093,บงกช 14,คลองหลวง,ปทุมธานี,14.039844,100.641819,Active store
CJX00094,ซอยสุภาพงษ์ 3,ประเวศ,กรุงเทพมหานคร,13.691989,100.639459,Active store
CJX00095,เทศบาลวิหารแดง ซอย 5,วิหารแดง,สระบุรี,14.347368,100.99001,Active store
CJX00096,ซอยทวีวัฒนา 25,ทวีวัฒนา,กรุงเทพมหานคร,13.770245,100.332673,Cancel
CJX00097,ตลาดมิ่ง,เมืองสมุทรปราการ,สมุทรปราการ,13.656562,100.606814,Active store
CJX00098,ตลาดอ่อนนุช 65,ประเวศ,กรุงเทพมหานคร,13.725838,100.681601,Active store
CJX00099,พุแค,เฉลิมพระเกียรติ,สระบุรี,14.664217,100.892942,Active store
CJX00100,ป๊อกแป๊ก,เมืองสระบุรี,สระบุรี,14.509887,100.862326,Active store
CJX00101,บางไผ่ ซอย 17,เมืองนนทบุรี,นนทบุรี,13.828773,100.4923,Active store
CJX00102,ศิริเกษม,บางแค,กรุงเทพมหานคร,13.737164,100.364122,Active store
CJX00103,หน้าพระลาน,เฉลิมพระเกียรติ,สระบุรี,14.68625,100.868556,Active store
CJX00104,ซอยมหาชัย,บางพลี ,สมุทรปราการ,13.632278,100.692417,Active store
CJX00105,วิเชียรโชฎก,เมืองสมุทรสาคร,สมุทรสาคร,13.534506,100.260301,Active store
CJX00106,เคหะวัดกู้,ปากเกร็ด​,นนทบุรี,13.929988,100.508027,Active store
CJX00107,ทะเลชุบศร,เมืองลพบุรี,ลพบุรี,14.822592,100.648369,Active store
CJX00108,หนองปลิง,หนองแค,สระบุรี,14.369539,100.830547,Active store
CJX00109,สุกัญญาปาร์ค,ศรีมหาโพธิ,ปราจีนบุรี,13.918668,101.560743,Active store
CJX00110,เอื้ออาทร อินทราทิตย์,เมืองลพบุรี,ลพบุรี,14.848819,100.624664,Active store
CJX00111,ตลาดท่ายาง,ท่ายาง,เพชรบุรี,12.972424,99.888342,Active store
CJX00112,แม่น้ำคู้ ซอย 1,ปลวกแดง,ระยอง,12.925157,101.244953,Active store
CJX00113,หมู่บ้านลภาวันโครงการ 10,ปากเกร็ด,นนทบุรี,13.919364,100.437963,Active store
CJX00114,ชำผักแพว,แก่งคอย,สระบุรี,14.505657,101.021621,Active store
CJX00115,คอนโดศรีเมือง ซอย 2,เมืองระยอง,ระยอง,12.674625,101.27215,Active store
CJX00116,บางขุนเทียน 14,บางขุนเทียน,กรุงเทพมหานคร,13.662767,100.427414,Active store
CJX00117,บ้านสวยน้ำใส 3,ศรีมหาโพธิ,ปราจีนบุรี,13.938214,101.555218,Active store
CJX00118,ตลาดนัดขอนขว้าง,เมืองปราจีนบุรี,ปราจีนบุรี,14.131142,101.441589,Active store
CJX00119,เทศบาลตำบลเสาธงหิน,บางใหญ่,นนทบุรี,13.878884,100.397117,Active store
CJX00120,บางขุนเทียน 16,บางขุนเทียน,กรุงเทพมหานคร,13.658155,100.428989,Active store
CJX00121,ซอยบ้านท่าอิฐไทรม้า,ปากเกร็ด,นนทบุรี,13.899368,100.469662,Active store
CJX00122,คลองถมปราจีนบุรี,เมืองปราจีนบุรี,ปราจีนบุรี,14.055187,101.377346,Active store
CJX00123,ตลาดลาภเจริญ,บ้านแหลม,เพชรบุรี,13.149252,100.026206,ยังไม่ลงเสาเข็ม
CJX00124,สวัสดิการ 1 ซอย 2,หนองแขม,กรุงเทพมหานคร,13.690728,100.362172,Active store
CJX00125,กระทุ่มล้ม 19,สามพราน,นครปฐม,13.735329,100.323119,Active store
CJX00126,หมู่บ้านสิรีนเฮ้าส์,เมืองนนทบุรี,นนทบุรี,13.868812,100.46238,Active store
CJX00127,เคหะร่มเกล้า 31,ลาดกระบัง,กรุงเทพมหานคร,13.761555,100.73044,ก่อสร้างแล้ว รอเปิดร้าน
CJX00128,ลาดพร้าว 93,วังทองหลาง,กรุงเทพมหานคร,13.781016,100.620649,Active store
CJX00129,บูรพาพัฒน์-หาดพลา,บ้านฉาง,ระยอง,12.710008,101.049126,Set up ร้าน
CJX00130,ดอนพุด,ดอนพุด,สระบุรี,14.588695,100.624563,Active store
CJX00131,ชุมชนเพนียด,โคกสำโรง,ลพบุรี,15.074095,100.791106,Active store
CJX00132,รำพัน (จันทบุรี),ท่าใหม่,จันทบุรี,12.642559,101.911359,Active store
CJX00133,ตลาดนัดศาลทราย,เขาคิชฌกูฏ,จันทบุรี,12.930416,102.044478,ก่อสร้างแล้ว รอเปิดร้าน
CJX00134,ถนนแผ่นดินทอง,เมืองจันทบุรี,จันทบุรี,12.587841,102.094042,ยังไม่ลงเสาเข็ม
CJX00135,บางน้ำวน,เมืองสมุทรสาคร,สมุทรสาคร,13.510378,100.181537,Active store
CJX00136,มะขามโพรง,แก่งกระจาน,เพชรบุรี,12.98595,99.752466,ยังไม่ลงเสาเข็ม
CJX00137,ซอยสุพรรณ บ่อวิน,ปลวกแดง,ระยอง,13.021342,101.135683,Active store
CJX00138,ตาลกง,ท่ายาง,เพชรบุรี,12.992907,99.936441,ก่อสร้างแล้ว รอเปิดร้าน
CJX00139,ตลาดเมืองทอง 1,หลักสี่,กรุงเทพมหานคร,13.895577,100.561146,Active store
CJX00140,โคกขาม,เมืองสมุทรสาคร,สมุทรสาคร,13.563124,100.325124,Set up ร้าน
CJX00141,บ้านเกาะขวาง,เมืองจันทบุรี,จันทบุรี,12.568898,102.105524,Active store
CJX00142,ชุมชนบางควาย,ชะอำ,เพชรบุรี,12.71905,99.954546,Active store
CJX00143,คลอง 6 ตะวันออก 14,คลองหลวง,ปทุมธานี,14.043385,100.73253,Active store
CJX00144,ชุมชนคลองนิยมยาตรา,บางปะกง,ฉะเชิงเทรา,13.594066,100.924865,Active store
CJX00145,โค้งพัฒนา จันทบุรี,โป่งน้ำร้อน,จันทบุรี,13.050022,102.404138,Active store
CJX00146,โคกหม้อ,เมืองเพชรบุรี,เพชรบุรี,13.099647,99.963839,Active store
CJX00147,ตลาดนัดลุงพรวนหนองชุมพล,เขาย้อย,เพชรบุรี,13.287206,99.797824,Active store
CJX00148,หมู่บ้านพลีโน (สุขสวัสดิ์ 70),ทุ่งครุ,กรุงเทพมหานคร,13.62465,100.511768,ก่อสร้างแล้ว รอเปิดร้าน
CJX00149,พระอินทร์-บ้านศรีทอง,บางปะอิน,พระนครศรีอยุธยา,14.14788,100.617877,Chk#2 (เซ็นต์สัญญาเช่า)
CJX00150,ชุมชนวัดธรรมนาวา,บางปะอิน,พระนครศรีอยุธยา,14.136469,100.604495,Active store
CJX00151,หมู่บ้านเติมรัก (ถนนลาดปลาดุก),บางบัวทอง,นนทบุรี,13.914194,100.364806,Active store
CJX00152,ห้วยกรด,สรรคบุรี,ชัยนาท,15.094044,100.203695,Active store
CJX00153,ชุมชนลาดน้ำเค็ม,ผักไห่,พระนครศรีอยุธยา,14.48674,100.392834,Set up ร้าน
CJX00154,วัดหลักสี่ราษฎร์สโมสร,บ้านแพ้ว,สมุทรสาคร,13.574345,100.080004,Active store
CJX00155,หมู่บ้านวิวาเรี่ยม พุทธบูชา 36,ทุ่งครุ,กรุงเทพมหานคร,13.638236,100.477714,Chk#2 (เซ็นต์สัญญาเช่า)
CJX00156,แก่งดินสอ นาดี,นาดี,ปราจีนบุรี,14.079864,101.950016,ก่อสร้างแล้ว รอเปิดร้าน
CJX00157,หนองยาว,พนมสารคาม,ฉะเชิงเทรา,13.801824,101.36067,ก่อสร้างแล้ว รอเปิดร้าน
CJX00158,ถนนจรัญยานนท์,บางปะกง,ฉะเชิงเทรา,13.536743,100.951636,Set up ร้าน
CJX00159,ท่าน้ำบ้านไร่,เมืองสมุทรสาคร,สมุทรสาคร,13.585804,100.360472,ยังไม่ลงเสาเข็ม
CJX00160,เหมราช-หนองปลาหมอ,หนองแค,สระบุรี,14.386153,100.858274,Active store
CJX00161,สามผาน,ท่าใหม่,จันทบุรี,12.672167,101.988528,ก่อสร้างแล้ว รอเปิดร้าน
CJX00162,หน้าโรงงานซันฟู้ด,วังม่วง,สระบุรี,14.796816,101.118474,Set up ร้าน
CJX00163,ชุมชนไผ่ต่ำ,หนองแค,สระบุรี,14.328976,100.837987,Active store
CJX00164,ตลาดวังม่วง,วังม่วง,สระบุรี,14.842128,101.125039,Prospect
CJX00165,ชุมชนแหลมมะขาม,เมืองระยอง,ระยอง,12.695226,101.229401,ก่อสร้างแล้ว รอเปิดร้าน
CJX00166,ลาดพร้าว 101 ซอย 38,บางกะปิ,กรุงเทพมหานคร,13.786493,100.63077,ยังไม่ลงเสาเข็ม
CJX00167,บางปูนคร,เมืองสมุทรปราการ,สมุทรปราการ,13.531092,100.633606,ยังไม่ลงเสาเข็ม
CJX00168,บ้านอำแพง,บ้านแพ้ว,สมุทรสาคร,13.61052,100.211132,ยังไม่ลงเสาเข็ม
CJX00169,สวนราชานุสรณ์,เมืองลพบุรี,ลพบุรี,14.800096,100.614582,ยังไม่ลงเสาเข็ม
CJX00170,หมู่บ้านสิรารมย์,บางปะกง,ฉะเชิงเทรา,13.543251,100.958374,Set up ร้าน
CJX00171,ตลาด 304 พลาซ่า,ศรีมหาโพธิ,ปราจีนบุรี,13.916696,101.57514,ก่อสร้างแล้ว รอเปิดร้าน
CJX00172,ตลาดร่วมใจแปลงยาว,แปลงยาว,ฉะเชิงเทรา,13.586434,101.289756,Set up ร้าน
CJX00173,แยกโคกหม้อ,บ้านโป่ง,ราชบุรี,13.817151,99.892929,Active store
CJX00174,ถนนเลียบคลองห้าตะวันออก,ลำลูกกา,ปทุมธานี,13.937417,100.706333,Active store
CJX00175,หมู่บ้าน เคซี การ์เด้นโฮม,คลองสามวา,กรุงเทพมหานคร,13.890775,100.755037,ก่อสร้างแล้ว รอเปิดร้าน
CJX00176,สามง่ามท่าโบสถ์,หันคา,ชัยนาท,15.059612,100.00461,ก่อสร้างแล้ว รอเปิดร้าน
CJX00177,ชุมชนสินทิวาธานี,บางปะอิน,พระนครศรีอยุธยา,14.309638,100.635529,ก่อสร้างแล้ว รอเปิดร้าน
CJX00179,งามเขตต์,อุทัย,พระนครศรีอยุธยา,14.356206,100.607927,ยังไม่ลงเสาเข็ม
CJX00180,พระยาสุเรนทร์ 30,คลองสามวา,กรุงเทพมหานคร,13.83539,100.70534,ยังไม่ลงเสาเข็ม
CJX00181,ชุมชนบ้านบำรุงธรรม,แก่งคอย,สระบุรี,14.407806,101.105082,Active store
CJX00182,ทล.331-แปลงยาว,แปลงยาว,ฉะเชิงเทรา,13.591859,101.295092,Set up ร้าน
CJX00183,หนองโรง,ท่ายาง,เพชรบุรี,12.743824,99.793414,ยังไม่ลงเสาเข็ม
CJX00184,ถนนจอมพล,ชะอำ,เพชรบุรี,12.668976,99.925165,Prospect
CJX00185,ร.พ. ท่ายาง,ท่ายาง,เพชรบุรี,12.966468,99.891818,ยังไม่ลงเสาเข็ม
CJX00186,ประณีต,เขาสมิง,ตราด,12.516883,102.372236,ยังไม่ลงเสาเข็ม
CJX00187,ลาดพร้าว 126,วังทองหลาง,กรุงเทพมหานคร,13.771245,100.626534,ยังไม่ลงเสาเข็ม
CJX00188,เขายายดา,เมืองระยอง,ระยอง,12.654067,101.365751,ก่อสร้างแล้ว รอเปิดร้าน
CJX00189,ชุมชนวัดสุทธิรุจิราราม,บางปะอิน,พระนครศรีอยุธยา,14.315629,100.597721,ยังไม่ลงเสาเข็ม
CJX00190,ถนนเลียบคลองเปรมประชากร,สามโคก,ปทุมธานี,14.111337,100.582202,ยังไม่ลงเสาเข็ม
CJX00191,แยกวังท่าช้าง,กบินทร์บุรี,ปราจีนบุรี,13.776167,101.891889,ก่อสร้างแล้ว รอเปิดร้าน
CJX00192,ถนนประชาสำราญ,หนองจอก,กรุงเทพมหานคร,13.907094,100.862985,Prospect
CJX00193,แยกคลองโคน,เมืองสมุทรสงคราม,สมุทรสงคราม,13.355142,99.935655,ยังไม่ลงเสาเข็ม
CJX00194,แยกวังคา-ท่าชุมพล,โพธาราม,ราชบุรี,13.692292,99.823424,ยังไม่ลงเสาเข็ม
CJX00195,บ้านกุ่ม 2,เมืองเพชรบุรี,เพชรบุรี,13.12821,99.948863,ยังไม่ลงเสาเข็ม
CJX00196,หมู่บ้านศศิธร (หนองปลาหมอ),หนองแค,สระบุรี,14.361771,100.852325,ยังไม่ลงเสาเข็ม
CJX00197,ชุมชนพายทอง ป่าโมก,ป่าโมก,อ่างทอง,14.504474,100.462866,Prospect
CJX00198,ตลาดใหม่พันเสด็จใน,ศรีราชา,ชลบุรี,13.057046,101.109329,ยังไม่ลงเสาเข็ม
CJX00199,ดงละคร-มณีวงศ์ (นครนายก),เมืองนครนายก,นครนายก,14.154048,101.187894,ยังไม่ลงเสาเข็ม
CJX00200,ชุมชนสังฆราชา,ลาดกระบัง,กรุงเทพมหานคร,13.725605,100.73654,ยังไม่ลงเสาเข็ม
CJX00201,บ้านพุพลับ,ปากท่อ,ราชบุรี,13.415907,99.677078,ยังไม่ลงเสาเข็ม
CJX00202,หมู่บ้านร่มเงาไม้,บางบัวทอง,นนทบุรี,13.90954,100.343413,ก่อสร้างแล้ว รอเปิดร้าน
CJX00203,ติวานนท์ 3,เมืองนนทบุรี,นนทบุรี,13.849645,100.513007,ยังไม่ลงเสาเข็ม
CJX00204,บ้านรัฐเอื้อราษฎร์ สาย 4,หนองแขม,กรุงเทพมหานคร,13.73506,100.341185,ยังไม่ลงเสาเข็ม
CJX00205,ตลาดนัดหัวกุญแจ,บ้านบึง,ชลบุรี,13.247285,101.148474,ยังไม่ลงเสาเข็ม
CJX00206,พฤกษา-เกาะเกรียง,เมืองปทุมธานี,ปทุมธานี,13.941575,100.50055,ยังไม่ลงเสาเข็ม
CJX00208,ชุมชนสมเด็จพระวันรัต-สามชุก,สามชุก,สุพรรณบุรี,14.757576,100.091023,Prospect
CJX00209,ชุมชนมารวิชัย,เสนา,พระนครศรีอยุธยา,14.284608,100.420372,Prospect
CJX00210,คลองหลวง 21,คลองหลวง,ปทุมธานี,14.028669,100.614834,Prospect
CJX00211,ตลาดเกียรติปรุง บ้านนา,บ้านนา,นครนายก,14.25992,101.068847,ยังไม่ลงเสาเข็ม
CJX00212,ราชพฤกษ์-เลียบคลองเกาะเกรียง,ลาดหลุมแก้ว,ปทุมธานี,13.97997,100.467283,ยังไม่ลงเสาเข็ม
CJX00213,คลองใหญ่ แหลมงอบ,แหลมงอบ,ตราด,12.188207,102.385181,Prospect
CJX00214,นิคมพัฒนา ซอย 3,นิคมพัฒนา,ระยอง,12.845374,101.177489,Prospect
CJX00215,ลำลูกกาคลอง 14,ลำลูกกา,ปทุมธานี,13.964596,100.911429,ยังไม่ลงเสาเข็ม
CJX00216,คลองหกวา(ดอนฉิมพลี),องครักษ์,นครนายก,13.971959,100.965795,Chk#2 (เซ็นต์สัญญาเช่า)
CJX00218,คลองหกตะวันตก 57,คลองหลวง,ปทุมธานี,14.128667,100.731306,Prospect
CJX00219,พระยาประเสริฐ,วังทองหลาง,กรุงเทพมหานคร,13.770059,100.613199,ยังไม่ลงเสาเข็ม
CJX00220,เอื้ออาทรไร่กล้วย,ศรีราชา,ชลบุรี,13.161807,100.960826,ยังไม่ลงเสาเข็ม
CJX00221,เพชรเกษม 87,กระทุ่มแบน,สมุทรสาคร,13.703496,100.324239,ยังไม่ลงเสาเข็ม
CJX00222,ซอยธนสิทธ์ (บางปลา 2),บางพลี,สมุทรปราการ,13.593339,100.72221,ยังไม่ลงเสาเข็ม
CJX00223,บางพลีน้อย,บางบ่อ,สมุทรปราการ,13.578744,100.904507,ยังไม่ลงเสาเข็ม
CJX00224,ตลาดนัดบ้านยาง,อู่ทอง,สุพรรณบุรี,14.316809,99.951924,ยังไม่ลงเสาเข็ม
CJX00225,ตลาดนัดหัวโค้งท่าเรือแกลง,เมืองระยอง,ระยอง,12.640271,101.499168,ยังไม่ลงเสาเข็ม
CJX00226,ปะตง สอยดาว ,สอยดาว,จันทบุรี,13.128464,102.215293,Prospect
CJX00227,หนองชาก-หมู่บ้านพฤกษาแลนด์,บ้านบึง,ชลบุรี,13.294121,101.176047,ยังไม่ลงเสาเข็ม
CJX00228,เฉลิมพระเกียรติ 22,ประเวศ,กรุงเทพมหานคร,13.676757,100.663404,Prospect
CJX00229,เฉลิมพระเกียรติ 22 แยก 12,ประเวศ,กรุงเทพมหานคร,13.675183,100.663989,ยังไม่ลงเสาเข็ม
CJX00230,แยกกะเฉด,เมืองระยอง,ระยอง,12.663403,101.504296,ยังไม่ลงเสาเข็ม
CJX00231,ซ.คลองสี่ ตะวันออก 54,คลองหลวง,ปทุมธานี,14.104083,100.687167,Prospect
CJX00232,ถนนไมตรีจิต,คลองสามวา,กรุงเทพมหานคร,13.918272,100.780819,Prospect
CJX00233,ทุ่งกลม-ตาลหมัน 9,บางละมุง,ชลบุรี,12.917255,100.927964,Prospect
CJX00234,ซอยวัดบุณยประดิษฐ์,บางแค,กรุงเทพมหานคร,13.725474,100.389135,Prospect
CJX00236,ตลาดสดสะตอน,สอยดาว,จันทบุรี,13.145419,102.311063,Prospect
CJX00237,เปี่ยมลาภ,ปลวกแดง,ระยอง,12.972428,101.155039,Prospect
