ชื่อที่พัก,ราคาต่อคืน,อำเภอ,จังหวัด,ละติจูด,ลองจิจูด
41 บีเคเค โฮเทล พระราม9,560,สวนหลวง,กรุงเทพมหานคร,13.746937,100.623866
5ช้าง พาเลซ,560,บางเขน,กรุงเทพมหานคร,13.872471,100.61501
99/9 บ็อกซ์ รีสอร์ท,550,เมือง,เพชรบุรี,13.074059,99.945052
ก๋งเสือ รีสอร์ท,480,แกลง,ระยอง,12.763059,101.713445
กนกอุดมเพลส 3,560,เมือง,พระนครศรีอยุธยา,14.339035299999999,100.59630469999999
กบินทร์บุรี รีสอร์ท,530,กบินทร์บุรี,ปราจีนบุรี,13.9968861,101.73424
กรวีร์ รีสอร์ท,560,กบินทร์บุรี,ปราจีนบุรี,13.9840131,101.762219
กรีน รีสอร์ท บ่อวิน,560,ศรีราชา,ชลบุรี,13.003576,101.082112
กรีน รีสอร์ท ระยอง,560,เมือง,ระยอง,12.725924,101.223748
กรีนปาร์ค,480,เมือง,ปราจีนบุรี,14.034131,101.414495
กรีนฟิลด์ รีสอร์ท,550,เมือง,สระบุรี,14.460959,100.9375
กรีนวิว รีสอร์ท ท่ายาง,470,ท่ายาง,เพชรบุรี,12.981754,99.899777
กรีนเฮ้าส์อยุธยา,560,ปากช่อง,พระนครศรีอยุธยา,14.304087,100.577277
กฤติมา เพลส,560,สามพราน,นครปฐม,13.7236535,100.3307511
กล้วยไม้ เรสซิเดนท์,540,สัตหีบ,ชลบุรี,12.727901,100.982994
ก่อนเกาะโฮเทล แหลมงอบ,560,แหลมงอบ,ตราด,12.177212,102.398759
กัญญ์วรา ปลวกแดง,500,ปลวกแดง,ระยอง,12.971447,101.212303
การ์เด้น รีสอร์ท กบินทร์บุรี,540,กบินทร์บุรี,ปราจีนบุรี,14.0615399,101.8030298
กาลเวลา โฮเทล,560,จอมบึง,ราชบุรี,13.624502,99.612107
กำลังใจ รีสอร์ท,530,สองพี่น้อง,สุพรรณบุรี,14.221672,99.919758
กินรี กาญจน์ อพาร์ทเม้นท์,490,เมือง,กาญจนบุรี,14.012713,99.549074
กินรี อพาร์ทเม้นต์,470,เมือง,สุพรรณบุรี,14.461733,100.10114
กู๊ดไทม์ รีสอร์ท ระยอง,560,เมือง,ระยอง,12.694763,101.170957
กู๊ดอินน์ อยุธยา,510,พระนครศรีอยุธยา,พระนครศรีอยุธยา,14.345594,100.528385
เกศรินทร์ อพาร์ทเม้นท์ ลาดพร้าว,560,,กรุงเทพมหานคร,13.774635,100.636011
เกษร บูติค เรสซิเดนซ์ 8 ริ้ว,550,เมือง,ฉะเชิงเทรา,13.676227,101.083761
เกสต์เฮ้าส์ ณิชากร 1,430,ปากท่อ,ราชบุรี,13.365668,99.821822
เกาะช้าง รักดี รีสอร์ท,560,เกาะช้าง,ตราด,12.139213,102.27572
แก่นตะวัน รีสอร์ท,450,ชะอำ,เพชรบุรี,12.673478,99.939379
แกรนด์ การ์เด้น รีสอร์ท ปราจีนบุรี,560,เมือง,ปราจีนบุรี,14.103691,101.38066649999999
แกรนด์ ฟอเรสท์,530,เมือง,จันทบุรี,12.609591,102.085444
แกรนด์ แสนสุข อ้อมน้อย,560,กระทุ่มแบน,สมุทรสาคร,13.699752,100.315084
แกรนด์ อีซี เซอร์วิส อพาร์ตเมนท์,560,ปลวกแดง,ระยอง,13.0116776,101.1455263
แกรนด์พฤกษาสิริ,560,เมือง,สระบุรี,14.508008,100.909442
โกลเด้น อินน์ รีสอร์ท,560,แก่งคอย,สระบุรี,14.589608,101.024705
โกลเด้นอินน์ อยุธยา,560,พระนครศรีอยุธยา,พระนครศรีอยุธยา,14.318214,100.579723
ไก่กะต๊าก รีสอร์ท,560,แกลง,ระยอง,12.784102,101.67767
เขาใหญ่ วิลล่า,460,ชะอำ,เพชรบุรี,12.825241,99.936991
คงทองทิพย์ รีสอร์ท,520,,สุพรรณบุรี,14.3391,99.867688
ครัวบ้านไม้สักโฮมสเตย์ เขาวงพระจันทร์,560,โคกสำโรง,ลพบุรี,14.966919,100.697441
คลอง 1 เพลส,560,ธัญบุรี,ปทุมธานี,13.990659,100.632672
คลองตะเฆ่ รีสอร์ท,560,เมือง,จันทบุรี,12.592,102.153572
คลองสระ รีสอร์ท,560,สามโคก,ปทุมธานี,14.082884,100.519598
คันทรี รีสอร์ท ชลบุรี,560,พนัสนิคม,ชลบุรี,13.339846,101.274718
คาวาน่า อพาร์ทเมนท์ ระยอง,560,เมือง,ระยอง,12.681122,101.270261
คิ้ม ณ บางโปรง,560,เมือง,สมุทรปราการ,13.624989,100.561722
คีริน เฮ้าส์,560,บ้านโป่ง,ราชบุรี,13.832387,99.887958
คีรี พาร์ค รีสอร์ท,560,แก่งกระจาน,เพชรบุรี,13.033251,99.723047
คุ้มลภัส รีสอร์ท,530,,สุพรรณบุรี,14.26067,99.82415
คู่รัก รีสอร์ท วิหารแดง,460,วิหารแดง,สระบุรี,14.351091,100.977328
เค.ซี. แกรนด์เพลส,540,เมือง,ชลบุรี,13.345796,100.968302
เค.ซี. รอยัล เพลส,560,เมือง,ชลบุรี,13.306129,100.953387
เคดี รีสอร์ท,550,คลองสามวา,กรุงเทพมหานคร,13.84416,100.715432
เคที พาร์ค แอนด์ รีสอร์ท,560,เมือง,กาญจนบุรี,14.04287,99.515484
เคทีเค อพาร์ทเม้นท์,560,บ้านแพ้ว​,สมุทรสาคร,13.545215,100.158112
เคทีเค อพาร์ทเม้นท์ ชลบุรี,560,เมือง,ชลบุรี,13.378222,100.993765
เคทู กรีน สุพรรณบุรี,560,เมือง,สุพรรณบุรี,14.473476,100.105543
เคสตาร์เพลส,560,เมืองชลบุรี,ชลบุรี,13.345989,100.967565
เคียงเขา รีสอร์ท บ่อวิน,560,ศรีราชา,ชลบุรี,13.069975,101.063591
เคียงธารเฮ้าส์,560,ปลวกแดง,ระยอง,13.004584,101.10542
โคโคนัทโฮม รีสอร์ท,560,บางคนที,สมุทรสงคราม,13.508318,99.917503
โคมแก้ว รีสอร์ท ระยอง,530,นิคมพัฒนา,ระยอง,12.878664,101.1350359
จันทร์ธารา วิลล่า,560,ด่านช้าง,สุพรรณบุรี,14.847472,99.705254
จันทิมา บูติก โฮเต็ล,560,ชะอำ,เพชรบุรี,12.87151,99.91678
จันทุมา รีสอร์ท,560,หนองหญ้าไซ,สุพรรณบุรี,14.769286,99.907207
จิตต์วิไลเพลส,460,พระนครศรีอยุธยา,พระนครศรีอยุธยา,14.361169,100.579641
จิตนิภา รีสอร์ท,560,ศรีมโหสถ,ปราจีนบุรี,13.923961,101.401028
จิตรลดาแมนชั่น,560,โพธาราม,ราชบุรี,13.634975,99.85572
เจ เรสซิเดนซ์,560,เมือง,สมุทรปราการ,13.618948999999999,100.6208729
เจ เฮาส์ หนองจอก,560,หนองจอก,กรุงเทพมหานคร,13.789951,100.869448
เจ.เค. อพาร์ทเมนท์,520,เมือง,นครปฐม,13.808378,100.050886
เจ.พี.แลนด์ รีสอร์ท ลพบุรี,560,เมือง,ลพบุรี,14.808083,100.610818
เจตน์ อพาร์ทเม้นท์,560,,สระบุรี,14.521258,100.917563
เจยู อพาร์ทเม้นท์,560,เมือง,ฉะเชิงเทรา,13.690836,101.064499
เจริญสุข แกรนด์,560,กบินทร์บุรี,ปราจีนบุรี,13.9840131,101.762219
เจอาร์ดี แกรนด์ เพลส,560,เมือง,ลพบุรี,14.812475,100.59519
เจอาร์ดี รีสอร์ท,560,เมือง,ลพบุรี,14.8920738,100.6224409
เจิดจรัส รีสอร์ท บ้านบึง,470,บ้านบึง,ชลบุรี,13.335564,101.114032
ฉัตรแก้ว,540,ด่านช้าง,สุพรรณบุรี,14.841588,99.70632
ฉางโซวา,550,บ้านฉาง,ระยอง,12.724629,101.0499964
ช ช้าง รีสอร์ท,560,บางละมุง,ชลบุรี,12.860058,100.934005
ชนะพัชร์ รีสอร์ท,560,เมือง,กาญจนบุรี,14.212827,99.24199
ชนา แบงค็อก โฮเทล,560,คันนายาว,กรุงเทพมหานคร,13.810201,100.68456
ชนิดาภา อพาร์ทเม้นท์,560,เมือง,ราชบุรี,13.526605,99.809693
ชบา รีสอร์ท กำแพงแสน,550,กำแพงแสน,นครปฐม,14.015067,99.991798
ชบา รีสอร์ท พัทยา,560,บางละมุง,ชลบุรี,12.95867,100.91234
ชมจันทร์ รีสอร์ท ศรีราชา,560,ศรีราชา,ชลบุรี,13.064329,100.961836
ชมวิว รีสอร์ท ด่านช้าง,560,ด่านช้าง,สุพรรณบุรี,14.844079,99.703534
ชะอำ ฟิชชิ่ง ปาร์ค รีสอร์ท,450,ชะอำ,เพชรบุรี,12.887653,99.911561
ชัยนาท รีสอร์ท,560,เมือง,ชัยนาท,15.190329,100.131847
ชัยพฤกษ์ เพลส พัทยา,560,บางละมุง,ชลบุรี,12.880399,100.895719
ชัยวัฒน์ โฮเทล,450,เมือง,ชลบุรี,13.336112,100.960353
ชาเขียว รีสอร์ท,450,โคกเจริญ,ลพบุรี,15.391102,100.827393
ชานเมือง รีสอร์ท,560,เมือง,เพชรบุรี,13.119138,99.945599
ชายเฮง รีสอร์ท,560,ท่าม่วง,กาญจนบุรี,13.998174,99.669349
ชายา ลอฟท์ ลพบุรี,560,เมือง,ลพบุรี,14.8463566,100.648282
ชิลโฮเตล,550,เมือง,ลพบุรี,14.799836,100.6464532
เช็คอินรีสอร์ท ชัยนาท,560,เมือง,ชัยนาท,15.220121,100.160424
เชดี้ ปาล์มส์ เกสต์เฮาส์,560,ชะอำ,เพชรบุรี,12.790953,99.982145
โชคชัย แมนชั่น,470,บางบัวทอง,นนทบุรี,13.914514,100.41562
โชคชัย โฮเต็ล,470,ไทรโยค,กาญจนบุรี,14.233718,99.061932
ไชยราช ห้องพัก,450,สัตหีบ,ชลบุรี,12.671019,100.941325
ซอย 3 มนตรี,560,เมือง,ราชบุรี,13.536161,99.828012
ซอยสี่ เซอร์วิสเรสซิเด้นท์,560,เมือง,สุพรรณบุรี,14.471023,100.130972
ซันชายน์ รีสอร์ท หนองขาม,560,ศรีราชา,ชลบุรี,13.125471,100.974689
ซันไชน์ แมนชั่น,550,กบินทร์บุรี,ปราจีนบุรี,14.018837999999999,101.7778574
ซันไชน์ รีสอร์ท ระยอง,550,แกลง,ระยอง,12.7507844,101.6395956
ซากุระ บ่อวิน รีสอร์ท,560,ศรีราชา,ชลบุรี,13.069796,101.054307
ซีซ่าร์ โฮเทล,540,เมือง,ชลบุรี,13.414002,101.028409
ซีน บูติก อพาร์เม้นท์,540,,กรุงเทพมหานคร,13.7131537,100.3340979
ซุปเปอร์ รีสอร์ท,560,บ้านลาด,เพชรบุรี,13.065752,99.884543
ซูกาโน่ อพาร์ทเม้นท์วีไอพี ลาดหลุมแก้ว,560,ลาดหลุมแก้ว,ปทุมธานี,14.072481,100.440809
เซน ทราย สวนสน รีสอร์ท,560,เมือง,ระยอง,12.6467203,101.4490488
เซนทรัลเพลซ ระยอง,560,เมือง,ระยอง,12.681122,101.270261
โซเฟีย ปราจีนบุรี,560,เมือง,ปราจีนบุรี,14.056589,101.384823
ฐิติมา รีสอร์ท ชะอำ,420,ชะอำ,เพชรบุรี,12.678577,99.884629
ณ กาญโฮม,560,ศรีสวัสดิ์,กาญจนบุรี,14.463058,99.151485
ณ ครแปลงรีสอร์ท&ปาตี้ฟิตเนส,500,โป่งน้ำร้อน,จันทบุรี,13.048901,102.416534
ณ จันทร์ รีสอร์ท,560,เมือง,จันทบุรี,12.6107655,102.1188121
ณัฐธิดา รีสอร์ท,530,โคกสำโรง,ลพบุรี,15.047879,100.707817
ณัฐแมนชั่น,560,บางพลี,สมุทรปราการ,13.673435,100.720414
ณัฐสิทธิ์ อพาร์ทเม้นท์,540,เมือง,เพชรบุรี,13.084686,99.946163
ดวงจินดา รีสอร์ท,440,ศรีมหาโพธิ์,ปราจีนบุรี,13.937556,101.497388
ดอกปีบ การ์เด้น รีสอร์ท,490,ศรีมโหสถ,ปราจีนบุรี,13.892561,101.403454
ดอนเมือง แอท ลาส,530,บางเขน,กรุงเทพมหานคร,13.8804449,100.5947241
ดัธ โฮเทล,560,อุทัย,พระนครศรีอยุธยา,14.3155072,100.6486007
ดับบลิวเจ เรสซิเดนซ์ แอท สุวรรณภูมิ,560,บางพลี,สมุทรปราการ,13.707923,100.734537
ดับเบอร์ยู เฮ้าส์,560,แกลง,ระยอง,12.777074100000002,101.6497413
ด่านช้าง กรีนวิว รีสอร์ท,560,ด่านช้าง,สุพรรณบุรี,14.849954,99.704353
ด่านช้างแค้มปิ้งเฮ้าส์,560,ด่านช้าง,สุพรรณบุรี,14.819892,99.695719
ดาวรุ่งเพลส,560,เมือง,เพชรบุรี,13.087126,99.956814
ดำเนิน เรสซิเดนซ์,560,ดำเนินสะดวก,ราชบุรี,13.513745,99.972777
ดิ ไอคอน เซอร์วิส อพาร์ทเม้นต์,560,ศรีมหาโพธิ,ปราจีนบุรี,13.893175,101.578003
ดิไอคอน 304 อพาร์ทเมนท์ ตึก บี,560,ศรีมหาโพธิ,ปราจีนบุรี,13.895879,101.579746
ดี 5 โฮเทล สาขาหนองตำลึง,560,พานทอง,ชลบุรี,13.412514,101.068796
ดีเค แกรนด์ โฮเทล,560,เมือง,จันทบุรี,12.639311,102.084118
ดีใจโฮเทล,530,เมือง,ชลบุรี,13.333241,100.963431
ดีดี แมนชัน จันทบุรี,380,เมือง,จันทบุรี,12.644315,102.092592
ดีดี แมนชั่น รังสิต,560,ธัญบุรี,ปทุมธานี,13.974806,100.628085
ดีว่า การ์เด้นท์ รีสอร์ท,560,เมือง,ปราจีนบุรี,14.1080409,101.3430976
ดีเอ็ม โฮเทล สัตหีบ อู่ตะเภา - พัทยา,560,สัตหีบ,ชลบุรี,12.666985,100.932841
ดูดี คาเฟ่ กรุงเทพ,560,,กรุงเทพมหานคร,13.7280964,100.4519219
เดอะ 24 โฮเทล,560,พระพุทธบาท,สระบุรี,14.721807,100.802077
เดอะ คอนเนอร์ เพชรเกษม 42,560,ภาษีเจริญ,กรุงเทพมหานคร,13.721882,100.448759
เดอะ เบด บูทิก เฮาส์,560,เมือง,ราชบุรี,13.526937,99.781131
เดอะ รีสอร์ท กบินทร์บุรี,560,กบินทร์บุรี,ปราจีนบุรี,13.983274,101.766992
เดอะ เรสซิเดนซ์ ปราจีนบุรี,560,ศรีมหาโพธิ,ปราจีนบุรี,13.896442,101.57812
เดอะ เวลล์ เรสซิเดนซ์,560,เมือง,สระบุรี,14.551197,100.901645
เดอะ เฮ้าส์ รีสอร์ท ระยอง,560,แกลง,ระยอง,12.7600583,101.6211051
เดอะการ์เด้นปาล์ม โฮเต็ล,560,บ่อทอง,ชลบุรี,13.288196,101.392796
เดอะการ์เด้นเพลส งามวงศ์วาน,560,เมือง,นนทบุรี,13.848936,100.539684
เดอะซิกซ์ เซ็น โฮเทล,560,เมือง,ชลบุรี,13.329784,100.975622
เดอะเบด รีสอร์ท สนามชัยเขต,560,นามชัยเขต,ฉะเชิงเทรา,13.656761,101.43627
เดอะโมสท์,520,เมือง,ระยอง,12.6803689,101.2546751
เดอะริช คลอง7,560,ลำลูกกา,ปทุมธานี,13.964594,100.734797
เดอะลอฟท์ รีสอร์ท กบินทร์บุรี,520,กบินทร์บุรี,ปราจีนบุรี,14.036270600000002,101.7921487
เดอะวิส โฮเทล,560,เมือง,ฉะเชิงเทรา,13.653225,101.050272
เดอะโฮป อพาร์ทเม้นท์,540,บ้านฉาง,ระยอง,12.732188,101.053611
แดงกี้ รีสอร์ท,450,ชะอำ,เพชรบุรี,12.7539071,99.9616594
ตติภพ ลพบุรี,560,เมือง,ลพบุรี,14.80343,100.604489
ต้นตาลรีสอร์ท เพชรบุรี,560,เมือง,เพชรบุรี,13.065865,99.950331
ต้นปาล์มแมนชั่น,470,เมือง,ชลบุรี,13.341392,100.962046
ต้นปาล์มอินน์,560,ชัยบาดาล,ลพบุรี,15.2107345,101.1154317
ต้นโพธิ์ รีสอร์ท บ้านโป่ง,560,บ้านโป่ง,ราชบุรี,13.83104,99.858895
ตราดธารา รีสอร์ท,560,เมือง,ตราด,12.247224,102.501702
ตาลคู่ เรสซิเดสซ์ หนองปลิง,560,หนองแค,สระบุรี,14.366789,100.815623
โต๊ะไม้ รีสอร์ท,560,วังจันทร์,ระยอง,12.934765,101.520172
ทรัพย์สุวรรณแมนชั่น,520,เมือง,สุพรรณบุรี,14.465708,100.125629
ทรัพย์โสภณ อพาร์ทเมนต์,530,บางปะอิน,พระนครศรีอยุธยา,14.160893,100.615739
ทรายทองเพลส,560,สัตหีบ,ชลบุรี,12.840864,100.911575
ทรีเฮ้าส์ ฉะเชิงเทรา,560,เมือง,ฉะเชิงเทรา,13.677001,101.067858
ทองจินดา อพาร์ทเมนต์,490,เมือง,สุพรรณบุรี,14.469915,100.126053
ทองผาภูมิทีค,560,ทองผาภูมิ,กาญจนบุรี,14.738639,98.634712
ทองผาภูมิเพลส,560,ทองผาภูมิ,กาญจนบุรี,14.746923,98.632174
ท้ายบ้าน รีสอร์ท,560,พนมสารคาม,ฉะเชิงเทรา,13.748611,101.334796
ทิพย์ธารา รีสอร์ท,540,นิคมพัฒนา,ระยอง,12.8620433,101.1467679
ทิลแลนด์เซีย รีสอร์ท,500,ลำลูกกา,ปทุมธานี,14.029083,100.843778
ทิวลิป เพลส ราชบุรี,560,เมือง,ราชบุรี,13.535717,99.796911
ที่พัก อยุธยา 356,450,บางปะอิน,พระนครศรีอยุธยา,14.3026,100.611517
ทีเฮ้าส์ บางคล้า,560,บางคล้า,ฉะเชิงเทรา,13.709035,101.210709
ทุ่งไม้เค็ดฟาร์ม แอนด์ รีสอร์ท,560,เมือง,ปราจีนบุรี,14.1420808,101.3517368
ทูบีพลัส อพาร์ทเมนท์,530,บ้านฉาง,ระยอง,12.7322884,101.0538426
เทียนทอง อพาร์ทเมนท์ แก่งคอย,560,แก่งคอย,สระบุรี,14.568568,100.966821
ไทม์ เอ็กซ์ โฮสเทล,530,เมือง,กาญจนบุรี,14.032323,99.52292
ไทยการ์เด้นรีสอร์ท กรุงเทพ,560,,กรุงเทพมหานคร,13.823400999999999,100.633016
ไทยเกษม อพาร์ทเมนท์,560,เมือง,สุพรรณบุรี,14.463818,100.116455
ไทยเฮ้าส์ รีสอร์ท,560,ศรีราชา,ชลบุรี,13.103896,100.945688
ธนกฤตอพาร์เทล,540,เมือง,จันทบุรี,12.613884,102.083011
ธนภร อพาร์ทเม้น,530,กบินทร์บุรี,ปราจีนบุรี,13.9822507,101.7679914
ธารทิพย์กาญจน์ โฮเทล,430,เมือง,กาญจนบุรี,14.025235,99.537286
ธาราริน เพลส,540,เมือง,สระบุรี,14.470873,100.908405
ธารินี เพลส,560,บางละมุง,ชลบุรี,13.046586,100.925729
ธีรณี รีสอร์ท,530,โป่งน้ำร้อน,จันทบุรี,13.052071,102.359311
นกสวน รีสอร์ท แอนด์ คาราโอเกะ,470,จอมบึง,ราชบุรี,13.625052,99.616315
นภา รีสอร์ท,480,ประจันตคาม,ปราจีนบุรี,14.073554,101.556397
นอนนับดาว บ้านโป่ง,560,บ้านโป่ง,ราชบุรี,13.82255,99.874553
นอร์ดิก โฮม สระบุรี,560,เมือง,สระบุรี,14.535487,100.893447
นาดีทวี รีสอร์ท,560,กบินทร์บุรี,ปราจีนบุรี,14.0724583,101.7981926
นาตา รีสอร์ท 1,530,เมือง,จันทบุรี,12.672389,102.081041
นาเมือง รีสอร์ท,560,หนองหญ้าไซ,สุพรรณบุรี,14.76825,99.911919
นาวินแมนชั่น พัทยา,560,,ชลบุรี,12.936908,100.893899
นาวี รีสอร์ท,560,บางละมุง,ชลบุรี,13.04746,100.975601
นำชัย ชัยนาท,470,เมือง.,ชัยนาท,15.18723,100.124958
นิลมังกร รีสอร์ท,560,แกลง,ระยอง,12.696413,101.634232
นิวบ้านแก้ว,560,เมือง,จันทบุรี,12.654865,102.095259
นิวแมน,560,ลำลูกกา,ปทุมธานี,13.972457,100.665778
นิวโฮม,560,นครชัยศรี,นครปฐม,13.790983,100.175614
นีน่า โฮมสเตย์ นครปฐม,560,กำแพงแสน,นครปฐม,13.9146983,100.0107312
เนินทรายฮอลิเดย์ โฮเทล,420,เมือง,ตราด,12.262072,102.538873
เนินอ้อมตะวัน รีสอร์ท,560,เมือง,ระยอง,12.6758911,101.1821113
บริสุทธิ์ โฮม เพลส,560,เมือง,กาญจนบุรี,14.024249,99.557836
บัวสวยกรีนเฮ้าส์ อพาร์ทเมนท์,560,พนัสนิคม,ชลบุรี,13.472963,101.167749
บางอินวิลล่า,450,คลองใหญ่,ตราด,11.784963,102.875205
บ้าน พลับพลา จันทบุรี,470,เมือง,จันทบุรี,12.615051,102.144252
บ้านกอดจันท์ โฮเทล,560,เมือง,จันทบุรี,12.597404,102.117796
บ้านเกาะรีสอร์ท อยุธยา,560,พระนครศรีอยุธยา,พระนครศรีอยุธยา,14.395607,100.590647
บ้านแก้ว โฮเทล จันทบุรี,560,เมือง,จันทบุรี,12.654635,102.095118
บ้านคีตะ,560,บ้านโป่ง,ราชบุรี,13.824422,99.874718
บ้านคุ้งน้ำ รีสอร์ท,560,ท่ามะกา,กาญจนบุรี,13.9637,99.73218
บ้านคุณกะรัต รีสอร์ท,560,พระนครศรีอยุธยา,พระนครศรีอยุธยา,14.392309,100.534976
บ้านคุณแม่ อพาร์ทเมนท์,530,,กรุงเทพมหานคร,13.881732999999999,100.5085519
บ้านคุณหมอรีสอร์ท,560,เมือง,ชัยนาท,15.222352,100.113072
บ้านเคียงคลอง,560,เมือง,สุพรรณบุรี,14.475064,100.149335
บ้านง่ายง่าย รีสอร์ท,530,เมือง,ชลบุรี,13.401077,101.004866
บ้านจันทร์สบาย รีสอร์ท,560,นายายอาม,จันทบุรี,12.670826,101.947859
บ้านจันทราเพลส,560,เมือง,นครปฐม,13.82587,100.044014
บ้านจำปา เรสซิเดนซ์,560,เมือง,นครปฐม,13.8247201,100.0441984
บ้านฉัน รีสอร์ท,560,ท่ามะกา,กาญจนบุรี,13.9209,99.846653
บ้านฉัน โฮสเทล,350,เมือง,พระนครศรีอยุธยา,14.349378,100.57177
บ้านดิน ทองผาภูมิ,560,ทองผาภูมิ,กาญจนบุรี,14.735815,98.639254
บ้านดินทอง,560,บางปะหัน,พระนครศรีอยุธยา,14.483791,100.535709
บ้านดินพิมพ์ใจ รีสอร์ท,560,บ้านลาด,เพชรบุรี,13.05517,99.925125
บ้านต้นหว้า รีสอร์ท,560,บ้านบึง,ชลบุรี,13.223037,101.228534
บ้านท่าต้นจันทร์ รีสอร์ท,560,บ้านโป่ง,ราชบุรี,13.838879,99.845503
บ้านไทยเกสเฮ้าส์ เพชรบุรี,560,เมือง,เพชรบุรี,13.102955,99.94682
บ้านธรรมทอง ลำนารายณ์​ รีสอร์ท​,520,ชัยบาดาล,ลพบุรี,15.2374538,101.1607327
บ้านนกฮูก รีสอร์ท,560,เมือง,จันทบุรี,12.629466,102.071503
บ้านนาข้าว,560,แกลง,ระยอง,12.7462754,101.7274107
บ้านน้ำหอม รีสอร์ท,560,หนองแค,สระบุรี,14.406273,100.803151
บ้านในฝันรีสอร์ท ลพบุรี,560,เมือง,ลพบุรี,14.804811,100.764194
บ้านบ่อ รีสอร์ท,560,เมือง,กาญจนบุรี,14.005116,99.543692
บ้านบัวสวรรค์ รีสอร์ท,560,โพธาราม,ราชบุรี,13.715889,99.774262
บ้านบึง เรสซิเด้นท์,560,เมือง,สระบุรี,14.53464,100.892879
บ้านบุษยา,540,บางปะอิน,พระนครศรีอยุธยา,14.19336,100.605887
บ้านปลาดาว หาดชะอำ,530,ชะอำ,เพชรบุรี,12.791541,99.981782
บ้านปลายฟ้า อัมพวา,560,เมือง,สมุทรสงคราม,13.439819,99.983382
บ้านพญายอ รีสอร์ท,470,เมือง,เพชรบุรี,13.114142,99.920051
บ้านพรฟ้า,560,สัตหีบ,ชลบุรี,12.84485,100.906456
บ้านพระจันทร์ รีสอร์ท สระบุรี,560,เมือง,สระบุรี,14.515393,100.897371
บ้านพัก เรือนปฐม,560,เมือง,นครปฐม,13.8107672,100.04733
บ้านพักเขากระเจียว โฮมสเตย์,490,เนินขาม,ชัยนาท,14.958649,99.895236
บ้านพักทับทิม รีสอร์ท บางน้ำเปรี้ยว,560,บางน้ำเปรี้ยว,ฉะเชิงเทรา,13.852348,101.052835
บ้านพักผาสุข,560,ชะอำ,เพชรบุรี,12.67048,99.936118
บ้านพักฟ้ารักตะวัน,450,ชะอำ,เพชรบุรี,12.673773,99.936983
บ้านพักอารมย์ รีสอร์ท,560,ท่าใหม่,จันทบุรี,12.675416,102.067004
บ้านพิริยะพันธ์ รีสอร์ท,470,ปากท่อ,ราชบุรี,13.359688,99.810254
บ้านเพลินจิตร์,560,บางเสาธง,สมุทรปราการ,13.594694,100.833583
บ้านฟ้าใสรีสอร์ท เดิมบางนางบวช,460,เดิมบางนางบวช,สุพรรณบุรี,14.859657,100.075246
บ้านภูนารา รีสอร์ท,480,ชัยบาดาล,ลพบุรี,15.209798,101.117978
บ้านภูฟ้า รีสอร์ท ณ แหลมฉบัง,560,ศรีราชา,ชลบุรี,13.07393,100.931081
บ้านเม คาเฟ่,560,สองพี่น้อง,สุพรรณบุรี,14.254169,100.131221
บ้านเม็ดทราย รีสอร์ท ระยอง,550,แกลง,ระยอง,12.637452,101.51944
บ้านแม่ เรสซิเดนซ์,560,ปลวกแดง,ระยอง,13.0145238,101.1381992
บ้านไม้สปาเก็ตตี้,530,เมือง,เพชรบุรี,13.130725,99.932953
บ้านไม้หอม รีสอร์ท ปลวกแดง,560,ปลวกแดง,ระยอง,13.006987,101.128437
บ้านร้อยป่า,560,คลองหลวง,ปทุมธานี,14.084473,100.68146
บ้านรับทรัพย์,560,โพธาราม,ราชบุรี,13.693511,99.771523
บ้านริมธาร รีสอร์ท บ้านบึง,560,บ้านบึง,ชลบุรี,13.318719,101.129993
บ้านริมน้ำรีสอร์ท นายายอาม,530,นายายอาม,จันทบุรี,12.775438,101.819486
บ้านริมน้ำและรีสอร์ท กำแพงแสน,560,กำแพงแสน,นครปฐม,14.0047985,99.997176
บ้านเราเอง รีสอร์ท,560,โพธาราม,ราชบุรี,13.651437,99.830246
บ้านเรือน รีสอร์ท,560,ท่าม่วง,กาญจนบุรี,13.981219,99.647089
บ้านไร่ ล้อมดาว รีสอร์ท,540,บ้านค่าย,ระยอง,12.853477,101.323067
บ้านไร่คุณชาย กบินทร์บุรี,560,กบินทร์บุรี,ปราจีนบุรี,14.0924537,101.8276337
บ้านละมุน ชัยนาท,560,เมือง,ชัยนาท,15.179126,100.13561
บ้านล้านนา รีสอร์ท ชลบุรี,560,เมือง,ชลบุรี,13.342917,100.95931
บ้านลูกช้าง จันทบุรี,560,เมือง,จันทบุรี,12.64477,102.095192
บ้านวิวคลอง,530,บางซ้าย,พระนครศรีอยุธยา,14.324219,100.335157
บ้านศรีทอง,560,หนองแค,สระบุรี,14.345739,100.845857
บ้านศรีแฟมิลี่,520,กบินทร์บุรี,ปราจีนบุรี,13.9916469,101.72306789999999
บ้านศุภกาญจน์,560,เมือง,สุพรรณบุรี,14.471541,100.119595
บ้านสบายนาดี,560,เมือง,สมุทรสาคร,13.586615,100.279058
บ้านส้มรีสอร์ท จันทบุรี,450,นายายอาม,จันทบุรี,12.775123,101.850464
บ้านสวน รีสอร์ท ผักไห่,560,ผักไห่,พระนครศรีอยุธยา,14.49907,100.386106
บ้านสวน รีสอร์ท แอนด์ โฮมสเตย์ ระยอง,470,แกลง,ระยอง,12.770265,101.729382
บ้านสวนครูเสริฐ,560,ศรีสวัสดิ์,กาญจนบุรี,14.441377,99.131227
บ้านสวนจันทร์ รีสอร์ท,470,เมือง,กาญจนบุรี,14.048513,99.486749
บ้านสวนชมจันท์ รีสอร์ท จันทบุรี,560,เมือง,จันทบุรี,12.594106,102.14768
บ้านสวนดอกไม้,500,กบินทร์บุรี,ปราจีนบุรี,13.9840131,101.762219
บ้านสวนฟ้าใส อพาร์ทเม้นท์,470,เมือง,จันทบุรี,12.641917,102.088807
บ้านสวนรีสอร์ท สระโบสถ์,560,สระโบสถ์,ลพบุรี,15.2131347,100.8401519
บ้านสวนรีสอร์ท แอนด์ กาแฟสด,560,เมือง,ชัยนาท,15.160323,100.133539
บ้านสวนลุงป้อมสะพานมอญ,560,สังขละบุรี,กาญจนบุรี,15.14149,98.450129
บ้านสวนสุขใจ แอนด์ รีสอร์ท,560,ลาดบัวหลวง,พระนครศรีอยุธยา,14.178149,100.298734
บ้านสวนแสนสุข 24,430,พนัสนิคม,ชลบุรี,13.361783,101.193615
บ้านสวนอินทรา รีสอร์ท แอนด์ คาเฟ่,560,เมือง,จันทบุรี,12.672616,102.081445
บ้านสวนโฮมสเตย์ นครชัยศรี,560,นครชัยศรี,นครปฐม,13.7901756,100.2323484
บ้านสวนโฮมสเตย์ วัดกลาง บางพระ,560,นครชัยศรี,นครปฐม,13.8828888,100.2065545
บ้านสวย รีสอร์ท,520,แกลง,ระยอง,12.7817196,101.6945291
บ้านสวย รีสอร์ท ท่าวุ้ง,560,ท่าวุ้ง,ลพบุรี,14.7795236,100.49169219999999
บ้านสวย อพาร์ทเมนท์ บางกระดี่,560,เมือง,ปทุมธานี,13.988744,100.550726
บ้านสายพวรรณ์ 1,560,เมือง,ระยอง,12.697659,101.176517
บ้านสายรุ้ง กระทุ่มแบน,530,กระทุ่มแบน,สมุทรสาคร,13.652867,100.281936
บ้านสิตตา รีสอร์ท,560,ดอนพุด,สระบุรี,14.588474,100.628175
บ้านแสนสบาย ราชบุรี,510,เมือง,ราชบุรี,13.527096,99.809189
บ้านแสนสบาย อยุธยา,560,บางปะอิน,พระนครศรีอยุธยา,14.23383,100.611447
บ้านแสนสุข นครปฐม,560,เมือง,นครปฐม,13.8336537,100.02584399999999
บ้านอยู่ดีมีสุข,480,เมือง,สุพรรณบุรี,14.471405,100.121075
บ้านอวยพร รีสอร์ท,480,ขลุง,จันทบุรี,12.449636,102.230129
บ้านอินแก้ว โฮมเตย์,560,แกลง,ระยอง,12.6962526,101.6335586
บานาน่า รีสอร์ท ศรีมหาโพธิ์,560,ศรีมหาโพธิ,ปราจีนบุรี,13.9296156,101.56284769999999
บาศญ่า แหลมฉบัง,560,ศรีราชา,ชลบุรี,13.105729,100.922014
บี สเปซ เรสซิเดนซ์,560,บางละมุง,ชลบุรี,12.906877,100.906811
บีเจ เฮาส์ แอนด์ อพาร์ทเมนท์,560,เมือง,สระบุรี,14.523825,100.925646
บีทูซี เรสซิเดนซ์,530,ศรีมหาโพธิ,ปราจีนบุรี,13.898687,101.586548
บีบี บ้านฉาง,560,บ้านฉาง,ระยอง,12.7157583,101.0482612
บีสลีป,540,พนัสนิคม,ชลบุรี,13.473484,101.170161
บีเอส ศรีราชา,560,ศรีราชา,ชลบุรี,13.148911,101.007489
บุญจิรา แมนชั่น,560,เมือง,ชลบุรี,13.418056,101.00211
บุญปลูก อพาร์ตเมนท์,560,เมือง,ชลบุรี,13.341208,100.963228
บุษราคัม แอนด์รีสอร์ท,560,ท่าม่วง,กาญจนบุรี,13.953163,99.654505
บูติก ฮอลิเดย์ พระราม2,560,บางขุนเทียน,กรุงเทพมหานคร,13.649618,100.444636
เบญจธารา บูติค เพลส รีสอร์ท,560,เมือง,ลพบุรี,14.82471,100.657649
เบดรูม 77 โฮเทล,560,เมือง,ระยอง,12.6810786,101.2578504
เบน เรสซิเดนซ์,560,บางขุนเทียน,กรุงเทพมหานคร,13.59309,100.387166
เบสส์แมนชั่น,560,บางพลี,สมุทรปราการ,13.658087113976649,100.7153754518468
แบร์ฮัท ชะอำ,560,ชะอำ,เพชรบุรี,12.781626,99.977901
ใบต้นแก้ว เพลส,560,ธัญบุรี,ปทุมธานี,13.988155,100.604019
ใบบัว รีสอร์ท,560,เมือง,สระบุรี,14.46227,100.93609
ใบไผ่ รีสอร์ท จันทบุรี,560,ขลุง,จันทบุรี,12.454483,102.252213
ปฏิคม อพาร์ทเม้นท์,560,เมือง,ฉะเชิงเทรา,13.669412,101.055376
ประกาย รีสอร์ท,560,โพธาราม,ราชบุรี,13.700955,99.871757
ประณต อพาร์ทเมนท์,560,เมือง,นนทบุรี,13.839439,100.455036
ประภากร เพลส,550,เมือง,ฉะเชิงเทรา,13.683021,101.064575
ปรางทิพย์ รีสอร์ท,560,มีนบุรี,กรุงเทพมหานคร,13.8361665,100.7807423
ปริญ,560,เมือง,ระยอง,12.681778,101.262743
ปรีชนา,560,เมือง,ระยอง,12.678974,101.24217
ปลายตะวัน อพาร์ทเมนท์,530,เมือง,สระบุรี,14.535979,100.889425
ปลายฟ้า รีสอร์ท ชัยนาท,540,เมือง,ชัยนาท,15.156032,100.136918
ป๊อบอินน์ มะขามล้ม,530,บางปลาม้า,สุพรรณบุรี,14.375497,100.061465
ปัทมา รีสอร์ท,450,หนองม่วง,ลพบุรี,15.251282,100.650268
ปันสุข โฮมสเตย์ ทุ่งพิชัย,560,ดอนตูม,นครปฐม,13.9275384,100.0662583
ป้าเกลียว โฮมสเตย์,560,มโนรมย์,ชัยนาท,15.305676,100.083083
ปาโต้ย เฮ้าส์,530,เมือง,ชลบุรี,13.398739,101.017637
เป็นหนึ่ง รีสอร์ต,560,นิคมพัฒนา,ระยอง,12.829831,101.204247
เปรมสุข,560,,ปราจีนบุรี,13.98252,101.769953
เปี่ยมสุข สวีท ปราจีนบุรี,500,เเมือง,ปราจีนบุรี,14.054748300000002,101.37628480000001
ผาสุข รีสอร์ท,560,ด่านมะขามเตี้ย,กาญจนบุรี,13.844953,99.407606
พงศธร แมนชั่น ลาดพร้าว,530,จตุจักร,กรุงเทพมหานคร,13.810956,100.563957
พจนา โฮมสเตย์,560,โพธาราม,ราชบุรี,13.623977,99.818066
พรไพลิน ศรีแดง,560,สังขละบุรี,กาญจนบุรี,15.156288,98.452147
พรีมิล่า เพลส,560,ปากเกร็ด,นนทบุรี,13.898276,100.554595
พฤกษิณี รีสอร์ท,490,บ้านบึง,ชลบุรี,13.231277,101.232488
พอช 39 โฮสเทล,560,เมือง,นครปฐม,13.8053103,100.05744609999999
พักอุ่น 2,560,พระพุทธบาท,สระบุรี,14.720021,100.81139
พัฒนเกศน์ เพลส อพาร์ทเม้น,560,บางกรวย,นนทบุรี,13.804072,100.474313
พันพิศาข์ รีสอร์ท,560,สามชุก,สุพรรณบุรี,14.780146,100.086106
พานทอง,560,เมือง,นครปฐม,13.8087883,100.0487503
พาราไดซ์ กาญจนบุรี,480,ท่าม่วง,กาญจนบุรี,13.979638,99.620574
พาราไดซ์ รีสอร์ท พัทยา,560,บางละมุง,ชลบุรี,12.976248,100.963359
พาราไดซ์ อินน์ แอนด์ ไดน์นิ่ง,530,หนองแค,สระบุรี,14.412441,100.833159
พาสุข รีสอร์ท,560,ท่ายาง,เพชรบุรี,12.980134,99.901032
พี 29 โฮเทล,560,หนองแขม,กรุงเทพมหานคร,13.6773,100.3393
พี แอล อพาร์ทเม้นต์,560,เมือง,ปทุมธานี,14.005327200000002,100.5213351
พี.เค. อพาร์ทเมนท์,560,หนองแค,สระบุรี,14.3320696,100.8733712
พี.พีเพลส อพาร์ทเม้นท์,450,บ้านฉาง,ระยอง,12.739611,101.04609
พี.เอส.อพาร์ทเม้นท์,560,เมือง,ระยอง,12.665307799999999,101.27632589999999
พีที รีสอร์ท สระบุรี,530,เฉลิมพระเกียรติ,สระบุรี,14.661407,100.88858
พีที เฮ้าส์ รีสอร์ท,560,เมือง,ระยอง,12.697659,101.176517
พีเอสเอ็ม แอท ดอนเมือง,560,,กรุงเทพมหานคร,13.9367272,100.5650927
พุราง ฮิลล์ รีสอร์ท,560,เมือง,กาญจนบุรี,14.050519,99.522046
พูนสุข กบินทร์บุรี,560,กบินทร์บุรี,ปราจีนบุรี,13.9901666,101.71778130000001
เพชรงาม โฮม รีสอร์ท,450,อู่ทอง,สุพรรณบุรี,14.395288,99.896847
เพ็ญสุข รีสอร์ท,560,นครชัยศรี,นครปฐม,13.882064,100.192291
เพลิน เพลิน รีสอร์ท บางเสร่,530,สัตหีบ,ชลบุรี,12.745065,100.903901
เพลินชีวา รีสอร์ท,560,พระนครศรีอยุธยา,พระนครศรีอยุธยา,14.337934,100.586352
เพลินพาดี รีสอร์ท,560,กบินบุรี,ปราจีนบุรี,13.9723448,101.75014039999999
เพียงพัก,550,บ้านโป่ง,ราชบุรี,13.803615,99.899287
โพธิ์งาม รีสอร์ท,530,ประจันตคาม,ปราจีนบุรี,14.064499,101.517798
ไพลิน รีสอร์ท ตราด,540,,ตราด,12.265154,102.50953
ฟ้าเคียงดาว แมนชั่น,560,เมือง,ปราจีนบุรี,14.1312177,101.3730335
ฟ้าใส รีสอร์ท ชำป่างาม,530,สนามชัยเขต,ฉะเชิงเทรา,13.690007,101.607442
ฟูลเฮ้าส์ กาญจนบุรี,560,เมือง,กาญจนบุรี,14.104057,99.415268
เฟิสท์ แมนชั่น ลำลูกกา คลอง 4,530,ลำลูกกา,ปทุมธานี,13.955307999999999,100.6841414
โฟกัสบ้านพัก,470,ท่าตะเกียบ,ฉะเชิงเทรา,13.380112,101.700025
ภพรัก รีสอร์ท ศรีราชา,450,ศรีราชา,ชลบุรี,13.14336,100.975571
ภักดี รีสอร์ท,530,บ่อพลอย,กาญจนบุรี,14.489185,99.483195
ภูมิคิมมินทร์ รีสอร์ท,560,เสนา,พระนครศรีอยุธยา,14.308324,100.374329
ภูร์ชรินท์รีสอร์ท ปราจีนบุรี,540,เมือง,ปราจีนบุรี,14.150817799999999,101.36116729999999
ภูรดา แมนชั่น บางแสน,560,เมือง,ชลบุรี,13.33264,100.972344
ภูวิว สอยดาว รีสอร์ท,560,สอยดาว,จันทบุรี,13.11276,102.232486
มรกต รีสอร์ท ลพบุรี,560,พัฒนานิคม,ลพบุรี,14.867752399999999,101.010735
มวกเหล็ก ฮอลิเดย์ อินน์,550,,สระบุรี,14.62851,101.180061
มะขามเฒ่า โฮมสเตย์,560,วัดสิงห์,ชัยนาท,15.263389,100.04994
มะไฟคู่ รีสอร์ท กาญจนบุรี,560,ทองผาภูมิ,กาญจนบุรี,14.73448,98.63798
มาย เพลส เพชรเกษม,560,หนองแขม,กรุงเทพมหานคร,13.704747,100.360661
มาย โฮม อพาร์ทเม้นท์,560,สามพราน,นครปฐม,13.723581,100.330684
มายรูม นครปฐม,560,เมือง,นครปฐม,13.818266,100.066925
มายรูม ราชบุรี,560,เมือง,ราชบุรี,13.534777,99.809521
มายองเซ่ รีสอร์ท,450,วังจันทร์,ระยอง,12.871435,101.567931
มาลี รีสอร์ท สระบุรี,560,เมือง,สระบุรี,14.525263,100.907745
มิดไนท์ อยุธยา,560,อุทัย,พระนครศรีอยุธยา,14.36342,100.662495
มินิรีสอร์ท จันทบุรี,480,เมือง,จันทบุรี,12.650391,102.124232
มิสเตอร์เน็กซ์ ตึก 1,470,เมือง,พระนครศรีอยุธยา,14.346436,100.589063
มิสเตอร์เน็กซ์ อาคารสีเขียว,520,เมือง,พระนครศรีอยุธยา,14.346436,100.589063
มีสุข รีสอร์ท,560,พัฒนานิคม,ลพบุรี,14.8433468,100.9286997
มีสุขเพลสแก่งคอย,560,แก่งคอย,สระบุรี,14.574282,100.965497
เมอร์รี่ รีสอร์ท,560,โพธาราม,ราชบุรี,13.712907,99.854431
เมืองจันท์,470,เมือง,จันทบุรี,12.609362,102.113955
โมเดิร์น เพลส ชลบุรี,480,เมือง,ชลบุรี,13.34604,100.964279
โมเดิร์นเพลส จอมบึง,530,จอมบึง,ราชบุรี,13.624902,99.584769
โมเดิร์นเลิฟ,520,พนัสนิคม,ชลบุรี,13.394076,101.260499
ไม้งาม รีสอร์ท,560,ศรีประจันต์,สุพรรณบุรี,14.580594,100.151768
ไมตรีกาญจน์,430,เมือง,กาญจนบุรี,14.02503,99.540059
ไม้สวน รีสอร์ท,560,ศรีราชา,ชลบุรี,13.096621,100.951966
ยินดี คอร์ท,450,เมือง,ระยอง,12.678655,101.265718
ยู เกสท์เฮาส์,560,เมือง,สมุทรสาคร,13.543877,100.162843
ยูโร รีสอร์ท,560,บ่อพลอย,กาญจนบุรี,14.47921,99.47304
แย้มสรวลเฮ้าส์ รีสอร์ท,560,นิคมพัฒนา,ระยอง,12.817691,101.1439409
รถไฟฟ้า อพาร์ทเม้นท์,500,,กรุงเทพมหานคร,13.78959,100.55388
ร่มไม้ รีสอร์ท ลพบุรี,530,ชัยบาดาล,ลพบุรี,15.078926499999998,101.0002075
ร่มไม้ รีสอร์ท เลาขวัญ,550,เลาขวัญ,กาญจนบุรี,14.623327,99.767616
รสริน การ์เด้นท์ รีสอร์ท 2,560,แก่งคอย,สระบุรี,14.590902,101.02167
รสฤดี อพาร์ทเม้นท์ บ้านบึง,550,,ชลบุรี,13.306324,101.123051
รองรัก รีสอร์ท,450,สรรพยา,ชัยนาท,15.140263,100.26199
รอยัลแลนด์ แม่กลอง,560,เมือง,สมุทรสงคราม,13.408935,100.001772
ระยอง พาเลซ,480,เมือง,ระยอง,12.679954,101.257649
ระยองเฮ้าส์ รีสอร์ท,540,เมือง,ระยอง,12.674656400000002,101.2414364
รักษ์อินน์ รีสอร์ท,560,บางละมุง,ชลบุรี,12.858294,100.930526
รัชฎาพร รีสอร์ท,560,เดิมบางนางบวช,สุพรรณบุรี,14.880153,99.916984
ราชพฤกษ์ พาวิลเลี่ยน,560,เมือง,นครปฐม,13.809368,100.050624
ราชพฤกษ์ รีสอร์ท ลพบุรี,450,เมือง,ลพบุรี,14.797601,100.662571
ราชพฤกษ์ อพาร์ทเม้น สุพรรณบุรี,450,เมือง,สุพรรณบุรี,14.466598,100.131041
ราชันเฮ้าส์,540,บางพลัด,กรุงเทพมหานคร,13.775045,100.489258
ราษฎร์บำรุง อพาร์ทเม้นต์,480,เมือง,ระยอง,12.68007,101.254515
ริมธารา รีสอร์ท บ้านโป่ง,560,บ้านโป่ง,ราชบุรี,13.825521,99.853847
ริมน้ำ สุขสวัสดิ์70,560,,สมุทรปราการ,13.641152,100.520338
ริมบึงสวนพริก รีสอร์ท,530,ท่าเรือ,พระนครศรีอยุธยา,14.540238,100.710872
ริมเมือง รีสอร์ท,560,พนมสารคาม,ฉะเชิงเทรา,13.674074,101.428995
ริเวอร์ นครปฐม 1,520,เมือง,นครปฐม,13.807303,100.047296
ริเวอร์ เรสซิเดนซ์2 สระบุรี,560,เมือง,สระบุรี,14.538801,100.948553
ริเวอร์ฮิวล์ ปลวกแดง,560,ปลวกแดง,ระยอง,12.9366,101.245177
ริเวียร่า รีสอร์ท พัทยา,560,บางละมุง,ชลบุรี,12.960544,100.891068
รีสอร์ท คุณชาย,560,หนองใหญ่,ชลบุรี,13.094234,101.28109
รีสอร์ทเรือนไม้ เขาช่องพราน,560,โพธาราม,ราชบุรี,13.715425,99.771238
รุ้งทอง รีสอร์ท,560,บ้านหมี่,ลพบุรี,15.2199589,100.6200183
รุ่งทิพย์ รีสอร์ท,450,เมือง,กาญจนบุรี,14.038815,99.525433
เรดดอร์ส กรีน เกษตร นวมินทร์,560,,กรุงเทพมหานคร,13.83589635362422,100.60122684092858
เรดไบค์ รีสอร์ท,530,พนมสารคาม,ฉะเชิงเทรา,13.737053,101.372568
เรดฟิช รีสอร์ท,560,หันคา,ชัยนาท,14.981334,100.020967
เรส์ต ทเวนตี้โฟร์,560,ด่านช้าง,สุพรรณบุรี,14.841181,99.692838
เรือนแก้วเจ้าจอม รีสอร์ท,460,เฉลิมพระเกียรติ,สระบุรี,14.603936,100.917357
เรือนชมดาว รีสอร์ท,560,จอมบึง,ราชบุรี,13.622482,99.604699
เรือนชาญวิทย์,560,โพธาราม,ราชบุรี,13.721775,99.77607
เรือนนภสร,560,กบินทร์บุรี,ปราจีนบุรี,14.009463,101.704702
เรือนรักรีสอร์ท บ่อทอง,510,บ่อทอง,ชลบุรี,13.296566,101.43447
โรงแรม บายพาส แอนด์ รีสอร์ท,560,เมือง,กาญจนบุรี,14.039238,99.536523
ไร่ฉันเอง รีสอร์ท,540,ด่านช้าง,สุพรรณบุรี,14.837731,99.704041
ลพบุรี เรสซิเดนซ์,560,เมือง,ลพบุรี,14.7946786,100.6355666
ลลิตา รีสอร์ท บางไทร,450,บางไทร,พระนครศรีอยุธยา,14.249767,100.493663
ลอตเต้ รีสอร์ท,560,สองพี่น้อง,สุพรรณบุรี,14.292123,100.060126
ล้อฮงไถ่เพลส,540,เมือง,ลพบุรี,14.779162,100.670463
ละมัยโฮม,560,คลองหลวง,ปทุมธานี,14.084944,100.65941
ลัดดาเพลส,560,วังทองหลาง,กรุงเทพมหานคร,13.787695,100.611036
ลาดสวาย รีสอร์ท,560,ลำลูกกา,ปทุมธานี,13.963447,100.664235
ล้านนา รีสอร์ท สองพี่น้อง,480,สองพี่น้อง,สุพรรณบุรี,14.216252,100.011418
ลาลูน่า ริเวอร์ เฮ้าส์,480,เมือง,จันทบุรี,12.610589,102.114507
ล่ำสันต์ เรสซิเดนท์,560,เมือง,ฉะเชิงเทรา,13.660994,101.093026
ลิขิต เพลส,370,บางกะปิ,กรุงเทพมหานคร,13.752087,100.647866
ลิตเติ้ลปาร์ค,560,เมือง,ระยอง,12.6770237,101.2346262
ลีลาวดี ปราจีนบุรี,450,เมือง,ปราจีนบุรี,14.092615,101.371294
ลีลาวดี รีสอร์ท บางปะกง,560,บางปะกง,ฉะเชิงเทรา,13.551232,100.938003
เลควิว รีสอรท์ ปลวกแดง,560,ปลวกแดง,ระยอง,12.9367785,101.2449435
เลอเม เรสซิเดนซ์,560,เขาย้อย,เพชรบุรี,13.22954,99.824292
เลิศทรัพย์ โฮเต็ล,560,เมือง,สระบุรี,14.564198,100.968341
เลิศศรี โฮเทล,470,เมือง,สุพรรณบุรี,14.481262,100.066901
วนิลา ริเวอร์,560,เมือง,ราชบุรี,13.539097,99.821402
วรดา รีสอร์ท สัตหีบ,530,สัตหีบ,ชลบุรี,12.777071,100.940728
วังน้อย รีสอร์ท,550,วังน้อย,พระนครศรีอยุธยา,14.24418397611024,100.74906262302306
วังน้ำฮิลล์,560,,ฉะเชิงเทรา,13.6091102,101.2586351
วังน้ำฮิลล์,560,แปลงยาว,ฉะเชิงเทรา,13.609545,101.258638
วังปลา รีสอร์ท จันทบุรี,410,เมือง,จันทบุรี,12.631822,102.104973
วัฒนะทรัพย์แมนชั่น,530,เมือง,สุพรรณบุรี,14.483972,100.125582
วัฒนาเฮาส์,450,ท่ายาง,เพชรบุรี,12.963851,99.897936
วันเพ็ญ อพาร์ตเมนต์,560,สองพี่น้อง,สุพรรณบุรี,14.224322,100.025991
วัลลิสุต โฮเต็ล,550,เมือง,นนทบุรี,13.857991,100.535112
วาเลนไทน์ รีสอร์ท อู่ทอง,480,อู่ทอง,สุพรรณบุรี,14.34829,99.877639
วาเลนไทน์ สระบุรี,560,เฉลิมพระเกียรติ,สระบุรี,14.674404,100.867641
วิกเก็ต ไวท์ วิลล่า,560,โพธาราม,ราชบุรี,13.702281,99.855803
วิชัยเพลส 77,560,อุทัย,พระนครศรีอยุธยา,14.352008,100.605286
วิเศษ โฮเต็ล,560,เมือง,ฉะเชิงเทรา,13.681832,101.052906
วีเค เพลส 2 สระบุรี,470,เมือง,สระบุรี,14.536641,100.888637
วีเค เพลส สระบุรี,460,เมือง,สระบุรี,14.548122,100.909549
วีเค แอนด์ เรสซิเดนซ์ กาญจนบุรี,550,เมือง,กาญจนบุรี,14.027967,99.533672
วีพี รีสอร์ท ราชบุรี,560,เมือง,ราชบุรี,13.516079,99.827208
วีรสุดา คอนโดเทล,560,เมือง,ราชบุรี,13.534188,99.815363
เวนีเซีย รีสอร์ท สาขา ซอย รามอินทรา 14,560,บางเขน,กรุงเทพมหานคร,13.846558,100.646736
เวลลิงตัน ระยอง,530,เมือง,ระยอง,12.6167058,101.38151889999999
เวียงคำรีสอร์ท ชลบุรี,560,พนัสนิคม,ชลบุรี,13.460111,101.161617
เวียงวลี,520,เมือง,ระยอง,12.6780466,101.2630541
ศรแดง รีสอร์ท,460,บ่อทอง,ชลบุรี,13.268991,101.437844
ศรีธิคำ​ เรสซิเดนซ์,560,บางละมุง,ชลบุรี,12.95821,100.910646
ศิรสิทธิ์ แมนชั่น,470,เมือง,เพชรบุรี,13.114169,99.928141
ศิราภา เรสซิเด้นท์,560,เมือง,ฉะเชิงเทรา,13.658981,101.088061
ศิวพฤกษ์เพลส,560,,นนทบุรี,13.8431323,100.4829955
ศิวพฤกษ์เพลส,560,เมือง,นนทบุรี,13.84335,100.483069
ส.บุญยงค์  ทองผาภูมิ,480,ทองผาภูมิ,กาญจนบุรี,14.74755,98.630886
ส.เสาวณีย์ อพาร์ทเม้นท์ พัทยา,560,บางละมุง,ชลบุรี,12.951567,100.912793
สกายส์อินน์ รีสอร์ท,500,โคกสำโรง,ลพบุรี,15.07019,100.757857
สกุลเพลส,560,เมือง,สมุทรปราการ,13.64088,100.635771
สงวนทอง รีสอร์ท,530,พนมสารคาม,ฉะเชิงเทรา,13.752933,101.497115
สตาร์ 3 เซอร์วิสอพาร์ทเมนท์,560,เมือง,ระยอง,12.686989,101.271377
สนานวรรณ โฮมเทล,560,บางพลี,สมุทรปราการ,13.604253,100.715307
สบายใจ รีสอร์ท 2 บางปะอิน,560,บางปะอิน,พระนครศรีอยุธยา,14.269581,100.624265
สบายดี รีสอร์ท ชัยนาท,450,สรรคบุรี,ชัยนาท,15.092848,100.145072
สบายดี รีสอร์ท หนองปรือ,480,หนองปรือ,กาญจนบุรี,14.610645,99.446243
สบายดี เรสซิเด้นท์ บางบัวทอง,560,บางบัวทอง,นนทบุรี,13.915378,100.424274
สบายรีสอร์ท อู่ทอง,560,อู่ทอง,สุพรรณบุรี,14.355279,99.880245
สบายโฮเต็ล ลพบุรี,440,ท่าวุ้ง,ลพบุรี,14.809921,100.568885
สมจิตร อพาร์ทเม้นท์,560,ปลวกแดง,ระยอง,12.9851592,101.0980885
สมใจนึก รีสอร์ท 2,560,ปลวกแดง,ระยอง,12.9717768,101.1694642
สมนึก ห้องพัก,560,แกลง,ระยอง,12.659666,101.569979
สมบัติ รีสอร์ท ไทรน้อย,560,ไทรน้อย,นนทบุรี,13.96626,100.347507
สมาย เฮ้าส์ ราชบุรี,560,เมือง,ราชบุรี,13.535172,99.826424
สมาร์ท เพลส,530,เมือง,ราชบุรี,13.520676,99.813201
สรรพยา รีสอร์ท,500,สรรพยา,ชัยนาท,15.127077,100.264416
สระกระโจม รีสอร์ท,560,ดอนเจดีย์,สุพรรณบุรี,14.640281,99.878328
สระกระโจม รีสอร์ท สมายล์,560,ดอนเจดีย์,สุพรรณบุรี,14.649562,99.916802
สระบุรี การ์เด้น รีสอร์ท,560,เมือง,สระบุรี,14.547516,100.932246
สราญสุข แกรนด์ วีไอพี,480,เมือง,พระนครศรีอยุธยา,14.352457,100.53805
สโรชา รีสอร์ท ระยอง,540,เมือง,ระยอง,12.6906524,101.2999835
สลีป บาย มี ราชบุรี,530,เมือง,ราชบุรี,13.535823,99.796667
สลีปบ็อกซ์ แก่งคอย,560,แก่งคอย,สระบุรี,14.611996,101.008339
สวนไผ่ รีสอร์ท หนองมะโมง,400,หนองมะโมง,ชัยนาท,15.274401,99.827544
สวนพฤกษศาสตร์พุแค,560,เฉลิมพระเกียรติ,สระบุรี,14.670537,100.886456
สวนเมืองจันท์ รีสอร์ท,560,เมือง,จันทบุรี,12.612829,102.149078
สวนไมตรีจิต รีสอร์ท,560,คลองสามวา,กรุงเทพมหานคร,13.888912,100.735316
สวนอิงจันท์ รีสอร์ท,560,มะขาม,จันทบุรี,12.830321,102.263898
สว่างจิตต์ รีสอร์ท,560,ชะอำ,เพชรบุรี,12.820688,99.933299
สวีท อินน์ รีสอร์ท โฮเทล,560,บางปะหัน,พระนครศรีอยุธยา,14.404916,100.541609
สวีทฮัก,560,เมือง,สุพรรณบุรี,14.49092,100.13182
สอนไลโฮมสเตย์,560,ท่าตะเกียบ,ฉะเชิงเทรา,13.46255,101.666065
สัตหีบ 9 บูติก,560,สัตหีบ,ชลบุรี,12.670318,100.908665
สันติ รีสอร์ท สระบุรี,560,หนองแค,สระบุรี,14.390586,100.926818
สันติสุขเพลส,560,เมือง,ปราจีนบุรี,14.093133,101.386372
สายธารรีสอร์ท บ่อวิน,450,ศรีราชา,ชลบุรี,13.035983,101.119243
สิริ โสธร อพาร์ทเม้นท์,540,เมือง,ฉะเชิงเทรา,13.68206,101.051376
สิรินเพลส เซอร์วิส เรสซิเดนซ์,560,ศรีราชา,ชลบุรี,13.155841,100.976651
สีสัน รีสอร์ท,480,หนองม่วง,ลพบุรี,15.24138,100.653029
สุ รีสอร์ท,560,คลองหลวง,ปทุมธานี,14.06571,100.682424
สุ รีสอร์ท 2,440,คลองหลวง,ปทุมธานี,14.06546,100.681958
สุข สมปอง เพลส,560,บางปะกง,ฉะเชิงเทรา,13.486719,101.037179
สุขกาย ริเวอร์วิว,500,เสนา,พระนครศรีอยุธยา,14.321289,100.417574
สุขใจ รีสอร์ท ชลบุรี,560,บางละมุง,ชลบุรี,12.855098,100.946112
สุขทวี,550,เขาสมิง,ตราด,12.374372,102.374893
สุขมาก อพาร์ทเม้นท์,500,เมือง,สุพรรณบุรี,14.464335,100.139751
สุขสบาย อินน์ รีสอร์ท,560,เมือง,ราชบุรี,13.560826,99.780041
สุขสมปองรีสอร์ท กบินทร์บุรี,530,กบินทร์บุรี,ปราจีนบุรี,13.9732853,101.8391789
สุขอนันต์ อพาร์ทเมนท์ 2,470,เมือง,สระบุรี,14.521861,100.917208
สุขอนันต์ อพาร์ทเมนท์1(หลังโลตัส),480,เมือง,สระบุรี,14.522873,100.924084
สุปราณีเพลส,560,บางกะปิ,กรุงเทพมหานคร,13.768909,100.664151
สุพรรณนารา บูติค อพาร์ทเม้นท์,560,เมือง,สุพรรณบุรี,14.467705,100.126634
สุพรรณภูมิ รีสอร์ท,520,สามชุก,สุพรรณบุรี,14.751441,100.09474
สุพัตรา รีสอร์ท,510,วังม่วง,สระบุรี,14.859586,101.110171
สุภาสิริ รีสอร์ท สุพรรณบุรี,540,หนองหญ้าไซ,สุพรรณบุรี,14.816766,99.700577
สุริย แมนชั่น,560,บางกรวย,นนทบุรี,13.815428,100.4615451
สุรีย์การ์เด้น,530,กำแพงแสน,นครปฐม,14.022974,99.992148
สุวัธชัย การ์เด้น,560,เมือง,สมุทรปราการ,13.604537,100.596934
เสกทรัพย์ เพลส,560,เมือง,พระนครศรีอยุธยา,14.341291,100.591464
แสงเกษตร รีสอร์ท,560,ประจันตคาม,ปราจีนบุรี,14.1290186,101.4916583
แสงจันทร์วิว,460,เมือง,กาญจนบุรี,14.032211,99.560994
แสงเทียน รีสอร์ท สระบุรี,560,เมือง,สระบุรี,14.526815,100.916475
แสนสุข รีสอร์ท กบินทร์,540,กบินทร์บุรี,ปราจีนบุรี,14.014152,101.766399
โสภา เพลส ฉะเชิงเทรา,560,เมือง,ฉะเชิงเทรา,13.663995,101.103627
โสมาภา รีสอร์ท,450,พัฒนานิคม,ลพบุรี,14.884936,100.932737
หน้าวังรีสอร์ท ชะอำ,560,ชะอำ,เพชรบุรี,12.707299,99.951863
ห้วยสะท้อน รีสอร์ท,530,ท่าใหม่,จันทบุรี,12.721348,101.971529
ห้องโถง ลิฟวิ่งรูม,560,เมือง,ปราจีนบุรี,14.0389504,101.3672802
ห้องพัก ปลายนา,560,หนองปรือ,กาญจนบุรี,14.602927,99.446572
ห้องพักคุณนุช นวพร ตึก ที9,560,ปากเกร็ด,นนทบุรี,13.912834,100.553479
หัวไร่ปลายนา รีสอร์ท,560,ดอนเจดีย์,สุพรรณบุรี,14.63345,99.894501
หินซ้อน ฮิลล์ไซด์ รีสอร์ท,560,พนมสารคาม,ฉะเชิงเทรา,13.769505,101.511982
แหลมฉบัง รีสอร์ท,560,ศรีราชา,ชลบุรี,13.095407,100.94902
อนันตกิจ อพาร์ทเมนท์,450,เมือง,ฉะเชิงเทรา,13.709616,101.091341
อพาร์ทเมนต์บ้านคลอง16,560,บางน้ำเปรี้ยว,ฉะเชิงเทรา,13.966502,100.96459
อมตะ,550,เมือง,สมุทรสงคราม,13.419154,100.007655
อยู่รัก รีสอร์ท,560,เมือง,สุพรรณบุรี,14.474368,100.188456
อยู่สมบูรณ์ เพลส อพาร์ทเมนท์,560,บางบ่อ,สมุทรปราการ,13.584455,100.838481
อยู่แสนสุขเพลส,450,พัฒนานิคม,ลพบุรี,14.82632,100.900989
อรรถรส การ์เด้น รีสอร์ท,560,บ้านโป่ง,ราชบุรี,13.837203,99.864826
อรวี รีสอร์ท,530,เมือง,ปราจีนบุรี,14.053263699999999,101.39139809999999
ออร์คิดส์ มหาชัย สมุทรสาคร,530,เมือง,สมุทรสาคร,13.551755,100.261874
อัชชาวดี รีสอร์ท,560,เขาคิชฌกูฏ,จันทบุรี,12.814019,102.121403
อัญมณี รีสอร์ท ตราด,450,เมือง,ตราด,12.27038,102.5098
อัมรา รีสอร์ท,450,โป่งน้ำร้อน,จันทบุรี,12.888779,102.274461
อาร์ ออร์คิด,560,บ้านแพ้ว,สมุทรสาคร,13.591232,100.105481
อาร์ต โฮเทล สนามไชย,530,พระนคร,กรุงเทพมหานคร,13.740767,100.496441
อาร์พี แมนชั่น ราชบุรี,500,เมือง,ราชบุรี,13.507712,99.810182
อารมณ์ดี รีสอร์ท แอนด์ สปา,460,พระพุทธบาท,สระบุรี,14.711665,100.822012
อาร์เอ็ม แมนชั่น,560,ประเวศ,กรุงเทพมหานคร,13.690338,100.640058
อารีน่า รีสอร์ท,560,เมือง,ระยอง,12.6759863,101.3083334
อิงกาญจน์ วิลล่ารีสอร์ท,560,ท่ามะกา,กาญจนบุรี,13.96353,99.733941
อิงเขา รีสอร์ท จันทบุรี,530,แหลมสิงห์,จันทบุรี,12.521836,102.172657
อิงธาร รีสอร์ท ระยอง,530,เขาชะเมา,ระยอง,12.9864087,101.6770691
อิงแลนด์ รีสอร์ท,560,ศรีราชา,ชลบุรี,13.113327,100.917207
อิงอุ่น เรสซิเดนซ์,560,เมือง,ปราจีนบุรี,14.0539512,101.3660652
อินไซด์ รีสอร์ท,550,สนามชัยเขต,ฉะเชิงเทรา,13.65737,101.43386
อินบ็อกซ์ โฮม รีสอร์ท,560,แกลง,ระยอง,12.8044531,101.6646375
อิสระ รีสอร์ท,560,หนองแซง,สระบุรี,14.516708,100.840624
อีส แอม อาร์ สเตย์ บูติก,560,เมือง,ราชบุรี,13.520916,99.817812
อีส โฮสเทล,400,จตุจักร,กรุงเทพมหานคร,13.809983,100.558632
อุ่นรัก แปดริ้ว,560,บ้านโพธิ์,ฉะเชิงเทรา,13.595983,101.007727
อุ่นรัก รีสอร์ท ปลวกแดง,560,ปลวกแดง,ระยอง,12.9917899,101.1427482
อุ่นเรือน รีสอร์ท จอมบึง,560,จอมบึง,ราชบุรี,13.625536,99.61516
เอ เฮ้าส์ รีสอร์ท 2,560,บ้านบึง,ชลบุรี,13.206134,101.253349
เอ9 โฮเทล แอนด์ อพาร์ทเม้นท์,560,พระนครศรีอยุธยา,พระนครศรีอยุธยา,14.349629,100.602613
เอก เรสซิเดนซ์ บ้านฉาง ซิตี้,560,บ้านฉาง,ระยอง,12.7246,101.0547
เอกชัย แมนชั่น,540,เมือง,สมุทรสงคราม,13.41425,100.004401
เอเพลส สุวรรณภูมิ กิ่งแก้ว 37,560,บางพลี,สมุทรปราการ,13.694392,100.727605
เอ็ม ดี อาร์,470,เมือง,ลพบุรี,14.786173,100.679765
เอ็ม แอนด์ เอ็ม รีสอร์ท,560,นิคมพัฒนา,ระยอง,12.8574024,101.1668493
เอ็ม เฮ้าส์,560,เมือง,สมุทรปราการ,13.608407,100.597579
เอ็ม.เอ็น. ซิตี้แมนชั่น,440,คลองหลวง,ปทุมธานี,14.03765,100.736412
เอ็มพี รีสอร์ท คลอง 5,560,คลองหลวง,ปทุมธานี,14.1208,100.719845
เอส แอล อพาร์ทเม้นท์ สระบุรี,560,เมือง.,สระบุรี,14.526417,100.922524
เอส.ไดมอนด์ อพาร์ทเมนท์,540,เมือง,เพชรบุรี,13.072996,99.968857
เอส.ที.แมนชั่น,560,ดอนตูม,นครปฐม,13.964992,100.085371
เอส.ที.อพาร์ทเม้นท์,560,เมือง,สมุทรสาคร,13.5751326,100.30214559999999
เอส.พี.ดี. อพาร์ทเม้นท์,560,เมือง,สมุทรสาคร,13.510419,100.152287
เอส.เอ็น.พี. แมนชั่น,530,พระนครศรีอยุธยา,พระนครศรีอยุธยา,14.353278,100.592161
เอสเจ แมนชั่น สมุทรสาคร,530,เมือง,สมุทรสาคร,13.492543,100.122694
เอสซี รีสอร์ท ฉะเชิงเทรา,560,พนมสารคาม,ฉะเชิงเทรา,13.754851,101.350546
เอสซี ใสวัฒนาเพลส,530,เมือง,กาญจนบุรี,14.033039,99.529399
เอสพี เพลส กาญจนบุรี,560,เมือง,กาญจนบุรี,14.021909,99.539545
เอสพี เพลส ฉะเชิงเทรา,460,เมือง,ฉะเชิงเทรา,13.705129,101.091002
เอสพี รีสอร์ท แกลง,560,แกลง,ระยอง,12.7663204,101.6625891
เอสพี เฮ้าส์ ชลบุรี,560,ศรีราชา,ชลบุรี,13.087475,100.922246
เอสเอส เกสต์เฮาส์ บางพลี,560,บางพลี,สมุทรปราการ,13.620974,100.721527
เอื้อนฤมลเฮาส์,560,เมือง,สมุทรสาคร,13.552219,100.273468
แอทยายา อพาร์ทเม้นต์,560,,กรุงเทพมหานคร,13.7120898,100.4012741
แอล โอ เอม รีสอร์ท ระยอง,560,เมือง,ระยอง,12.6333503,101.48654599999999
โอโซน รีสอร์ท โฮมสเตย์,480,วัดสิงห์,ชัยนาท,15.218606,100.061875
โอม สวีท โฮม เพลส,530,เมือง,ลพบุรี,14.79059,100.628699
ไอซ์ อินน์ รีสอร์ท,560,วังน้อย,พระนครศรีอยุธยา,14.242934,100.744504
ไอเซน บัดเจท โฮเทล แอนด์ เรสซิเดนซ์,460,เมือง,ระยอง,12.679838,101.264107
ไอเซน พลัส,500,เมือง,ระยอง,12.685217,101.258549
ไอยรา เรสซิเดนซ์,560,เมือง,ตราด,12.251983,102.506689
ไอยรา เฮาส์,560,เมือง,พระนครศรีอยุธยา,14.351482,100.574527
ไอเวอรี่ อพาร์ทเมนท์,560,เมือง,กาญจนบุรี,14.061573,99.496563
ไออุ่น รีสอร์ท มาบตาพุด,560,เมือง,ระยอง,12.7204097,101.1855315
ฮักจันท์ โฮมสเตย์,560,เมือง,จันทบุรี,12.635095,102.10189
ฮาร์โมนี่ เรสซิเด้นท์,560,อู่ทอง,สุพรรณบุรี,14.379763,99.911152
แฮปปี้ รีสอร์ท เพชรบุรี,560,เมือง,เพชรบุรี,13.116026,99.911926
แฮปปี้ อินน์ รีสอร์ท ศรีราชา,480,ศรีราชา,ชลบุรี,13.101902,101.023248
แฮปปี้ไนท์ โพธาราม,560,โพธาราม,ราชบุรี,13.700296,99.85948
แฮปปี้แลนด์ แมนชั่น,550,,กรุงเทพมหานคร,13.782128,100.64377999999999
โฮมนิว จันทบุรี,520,เมือง,จันทบุรี,12.615701,102.119846
โฮมเบส โฮสเทล,470,บางรัก,กรุงเทพมหานคร,13.722612,100.524255
โฮมเพลส ลพบุรี,560,เมือง,ลพบุรี,14.790742,100.593949
ไฮ แมนชั่น,520,หนองแค,สระบุรี,14.409458,100.890153
